metric,definition,importance
"Коэффициент конверсии (Conversion Rate)","Процент посетителей, которые выполнили желаемое действие (например, покупка, подписка).","Позволяет оценить эффективность сайта или маркетинговой кампании."
"Стоимость привлечения клиента (Customer Acquisition Cost)","Общие затраты на маркетинг и продажи, деленные на количество новых клиентов.","Помогает определить эффективность затрат на привлечение клиентов."
"Возврат на инвестиции (Return on Investment, ROI)","Соотношение прибыли к затратам, выраженное в процентах.","Ключевая метрика для оценки успешности маркетинговых кампаний."
"Время на сайте (Time on Site)","Среднее время, проведенное пользователями на сайте.","Показатель вовлеченности пользователей; чем больше времени, тем лучше."
"Частота отказов (Bounce Rate)","Процент пользователей, покинувших сайт после просмотра только одной страницы.","Высокий процент может указывать на проблемы с контентом или навигацией."
"Количество уникальных посетителей (Unique Visitors)","Общее количество уникальных пользователей, посетивших сайт за определенный период.","Позволяет оценить размер аудитории и её рост."
"Коэффициент удержания клиентов (Customer Retention Rate)","Процент клиентов, которые продолжают использовать продукт или услугу в течение определенного времени.","Важно для оценки лояльности клиентов и долгосрочных отношений с ними."
"Середина воронки (Middle of Funnel)","Метрика, которая измеряет, сколько пользователей перешли на следующий этап воронки продаж.","Помогает определить, насколько хорошо работает контент на стадии осведомленности и интереса."
"Оценка удовлетворенности клиентов (Net Promoter Score, NPS)","Метрика, измеряющая вероятность того, что клиенты порекомендуют продукт или услугу другим.","Помогает понять, насколько клиенты довольны и готовы рекомендовать продукт."
"Стоимость продажи (Sales Cost)","Общие затраты на продажи, включая маркетинг, деленные на количество проданных единиц.","Помогает оценить эффективность команды продаж и затрат."
"Количество повторных покупок (Repeat Purchase Rate)","Процент клиентов, которые совершили повторную покупку в течение определенного времени.","Показывает уровень лояльности и удовлетворенности клиентов."
"Уровень вовлеченности (Engagement Rate)","Процент взаимодействий (лайки, комментарии, репосты) с контентом по сравнению с общим числом подписчиков или зрителей.","Ключевой показатель для оценки эффективности контента в социальных сетях."
"Стоимость клика (Cost Per Click, CPC)","Сумма, которую рекламодатель платит за каждый клик по рекламе.","Позволяет оценить эффективность платной рекламы и бюджетирования."
"Количество подписчиков (Subscriber Count)","Общее количество подписчиков на платформе (например, email-рассылки, соцсети).","Показатель роста аудитории и потенциального охвата."
"Общий объем продаж (Total Sales Volume)","Сумма всех продаж за определенный период времени.","Ключевой финансовый показатель для оценки успеха бизнеса."
"Коэффициент кликов (Click-Through Rate, CTR)","Процент пользователей, которые нажали на рекламу или ссылку, по сравнению с общим числом показов.","Помогает оценить привлекательность рекламного контента."
"Число взаимодействий (Interactions)","Общее количество взаимодействий с контентом, включая лайки, комментарии и репосты.","Показывает, насколько контент вызывает интерес у аудитории."
"Коэффициент роста аудитории (Audience Growth Rate)","Темп, с которым увеличивается аудитория (например, подписчики в соцсетях).","Важно для оценки эффективности маркетинговых стратегий."
"Доля рынка (Market Share)","Процент продаж компании на рынке по сравнению с общими продажами в данной категории.","Помогает понять позиции компании среди конкурентов."
"Общая стоимость владения (Total Cost of Ownership, TCO)","Сумма всех затрат, связанных с использованием продукта или услуги, включая обслуживание и поддержку.","Важный показатель для оценки долгосрочных затрат на продукт."
"Частота покупок (Purchase Frequency)","Среднее количество покупок, совершенных одним клиентом за определенный период времени.","Показывает, как часто клиенты возвращаются к продукту."
"Скорость загрузки страницы (Page Load Speed)","Время, необходимое для полной загрузки страницы сайта.","Важный фактор для пользовательского опыта и SEO."
"Коэффициент отказов от корзины (Cart Abandonment Rate)","Процент пользователей, которые добавили товары в корзину, но не завершили покупку.","Помогает выявить проблемы в процессе покупок."
"Лояльность клиентов (Customer Loyalty)","Степень приверженности клиентов к бренду, выраженная в повторных покупках и рекомендациях.","Ключевой элемент для долгосрочного успеха бизнеса."
"Число активных пользователей (Active Users)","Количество пользователей, взаимодействующих с продуктом или услугой в определенный период (день, неделя, месяц).","Показатель вовлеченности и использования продукта."
"Коэффициент возврата (Return Rate)","Процент товаров, возвращенных покупателями после покупки.","Помогает оценить качество продукта и удовлетворенность клиентов."
"Коэффициент вовлеченности по контенту (Content Engagement Rate)","Процент пользователей, которые взаимодействуют с контентом (посты, статьи) по сравнению с общим числом просмотров.","Показывает, насколько контент интересен и актуален для аудитории."
"Доля новых посетителей (New Visitor Rate)","Процент новых пользователей, которые впервые посетили сайт за определенный период.","Помогает оценить эффективность привлечения новой аудитории."
"Коэффициент возврата инвестиций в рекламу (Return on Ad Spend, ROAS)","Соотношение дохода, полученного от рекламы, к затратам на эту рекламу.","Ключевой показатель для оценки эффективности рекламных кампаний."
"Частота переходов по ссылкам (Link Click Frequency)","Количество кликов по ссылкам в контенте или рекламе за определенный период.","Помогает определить, насколько эффективно работают ссылки на сайте или в рассылках."
"Ставка на конверсии (Conversion Rate Optimization, CRO)","Процесс улучшения коэффициента конверсии сайта или лендинга.","Важно для повышения эффективности маркетинговых кампаний."
"Сегментация аудитории (Audience Segmentation)","Разделение аудитории на группы по определенным критериям (возраст, интересы и т.д.).","Помогает адаптировать маркетинговые сообщения к различным сегментам."
"Средний доход на пользователя (Average Revenue Per User, ARPU)","Общий доход, деленный на количество пользователей за определенный период.","Позволяет оценить прибыльность и ценность каждого пользователя."
"Коэффициент роста продаж (Sales Growth Rate)","Процентное изменение объема продаж за определенный период времени.","Ключевой показатель для измерения роста бизнеса."
"Число вовлеченных пользователей (Engaged Users)","Количество пользователей, активно участвующих в деятельности (например, комментирование, лайки).","Показывает уровень активности и интереса пользователей к контенту."
"Индекс удовлетворенности клиентов (Customer Satisfaction Index)","Комбинированный показатель, основанный на опросах о удовлетворенности клиентов.","Помогает понять, насколько клиенты довольны продуктом или услугой."
"Коэффициент оттока (Churn Rate)","Процент клиентов, которые прекращают пользоваться продуктом или услугой за определенный период.","Важен для оценки здоровья бизнеса и удержания клиентов."
"Общая стоимость привлечения (Total Customer Acquisition Cost)","Сумма всех затрат на привлечение клиентов за определенный период.","Позволяет оценить общую эффективность маркетинга и продаж."
"Скорость роста подписчиков (Subscriber Growth Rate)","Процентное увеличение числа подписчиков за определенный период.","Показывает, насколько быстро растет аудитория, что важно для долгосрочной стратегии."
"Коэффициент влияния (Influence Score)","Оценка влияния пользователя или бренда в социальных сетях на основе вовлеченности и охвата.","Помогает определить, какие пользователи или бренды могут быть полезными для сотрудничества."
"Доля органического трафика (Organic Traffic Share)","Процент посетителей, пришедших на сайт через органические поисковые результаты.","Важный показатель для оценки эффективности SEO-стратегий."
"Количество просмотренных страниц (Pages Per Session)","Среднее количество страниц, просматриваемых пользователем за одно посещение сайта.","Показывает уровень вовлеченности и интереса к контенту."
"Эффективность email-рассылок (Email Campaign Effectiveness)","Оценка успешности email-кампаний на основе открываемости, кликов и конверсий.","Помогает оптимизировать стратегии email-маркетинга."
"Коэффициент роста доходов от подписки (Subscription Revenue Growth Rate)","Процентное изменение доходов от подписных услуг за определенный период.","Ключевой показатель для бизнеса с подписной моделью."
"Время до первого взаимодействия (Time to First Interaction)","Среднее время, необходимое пользователю для совершения первого действия после посещения сайта.","Важно для оценки эффективности пользовательского опыта."
"Коэффициент удержания подписчиков (Subscriber Retention Rate)","Процент подписчиков, которые остаются активными за определенный период.","Показывает лояльность аудитории к контенту и продуктам."
"Количество интерактивных элементов (Interactive Elements Count)","Общее количество интерактивных элементов на сайте или в контенте.","Помогает оценить уровень вовлеченности и интерактивности контента."
"Коэффициент рекомендации (Referral Rate)","Процент клиентов, которые рекомендуют продукт или услугу другим.","Показывает уровень удовлетворенности клиентов и их готовность делиться брендом."
"Частота активаций (Activation Frequency)","Количество раз, когда пользователи активируют продукт или его функции за определенный период.","Показывает уровень взаимодействия с продуктом и его полезность."
"Коэффициент охвата (Reach Rate)","Процент аудитории, которая увидела контент или рекламу по сравнению с общим числом потенциальных пользователей.","Важно для оценки эффекта рекламной кампании."
"Доля мобильного трафика (Mobile Traffic Share)","Процент трафика, приходящего с мобильных устройств по сравнению с десктопными.","Позволяет оценить, насколько хорошо сайт оптимизирован для мобильных пользователей."
"Коэффициент вовлеченности по каналам (Channel Engagement Rate)","Сравнение вовлеченности пользователей по различным маркетинговым каналам (соцсети, email и т.д.).","Помогает определить, какие каналы работают лучше всего."
"Коэффициент завершения (Completion Rate)","Процент пользователей, которые завершили определенное действие (например, заполнение формы, просмотр видео).","Помогает оценить эффективность дизайна и контента на сайте."
"Финансовая устойчивость (Financial Sustainability)","Способность бизнеса поддерживать свою финансовую стабильность и прибыльность в долгосрочной перспективе.","Ключевой показатель для оценки здоровья бизнеса."
"Коэффициент активных подписчиков (Active Subscriber Rate)","Процент подписчиков, которые активно взаимодействуют с контентом или продуктом.","Показывает уровень вовлеченности аудитории."
"Доля возврата (Return Rate)","Процент товаров, возвращенных клиентами после покупки.","Помогает выявить проблемы с качеством продукта или описанием."
"Среднее время до покупки (Time to Purchase)","Среднее время, необходимое для того, чтобы пользователь совершил покупку после первого взаимодействия.","Важный показатель для оценки цикла продаж."
"Коэффициент взаимодействия с рекламой (Ad Engagement Rate)","Процент пользователей, которые взаимодействуют с рекламой (лайки, клики, комментарии).","Помогает оценить привлекательность рекламного контента."
"Ставка на удержание (Retention Rate)","Процент клиентов, которые продолжают использовать продукт или услугу в течение определенного времени.","Ключевая метрика для оценки успеха в удержании клиентов."
"Количество новых лидов (New Leads Count)","Общее количество новых потенциальных клиентов, полученных за определенный период.","Помогает оценить эффективность стратегий генерации лидов."
"Коэффициент роста контента (Content Growth Rate)","Процентное изменение объема контента (например, статей, видео) за определенный период.","Позволяет оценить активность в создании нового контента."
"Число активных кампаний (Active Campaigns Count)","Общее количество активных маркетинговых кампаний на данный момент.","Помогает управлять маркетинговыми усилиями и ресурсами."
"Коэффициент успешных сделок (Deal Closing Rate)","Процент сделок, завершившихся успешной продажей по сравнению с общим количеством предложений.","Важен для оценки эффективности команды продаж."
"Число взаимодействий на странице (Page Interaction Count)","Общее количество взаимодействий пользователей с элементами на странице (кнопки, ссылки и т.д.).","Показатель вовлеченности и интереса к контенту."
"Период жизни клиента (Customer Lifetime Value, CLV)","Суммарная прибыль, которую компания ожидает получить от клиента за весь период его взаимодействия.","Важно для оценки прибыльности клиентов и стратегий удержания."
"Коэффициент роста трафика (Traffic Growth Rate)","Процентное изменение трафика на сайт за определенный период.","Ключевой показатель для оценки эффективности маркетинговых усилий."
"Коэффициент использования функций (Feature Utilization Rate)","Процент пользователей, активно использующих определенные функции продукта.","Помогает понять, насколько полезны функции для клиентов."
"Доля контента в поисковых системах (Content Share of Search)","Процент трафика, полученного через поисковые системы по сравнению с общим трафиком.","Важно для оценки эффективности SEO-стратегий."
"Индекс вовлеченности контента (Content Engagement Index)","Комбинированный показатель, оценивающий вовлеченность пользователей с контентом на основе различных метрик.","Помогает понять, как пользователи взаимодействуют с контентом."
"Коэффициент роста списков рассылки (Email List Growth Rate)","Процентное изменение числа подписчиков на email-рассылки за определенный период.","Показывает, насколько эффективно работает стратегия email-маркетинга."
"Доля платного трафика (Paid Traffic Share)","Процент трафика, приходящего с платных рекламных кампаний по сравнению с общим трафиком.","Позволяет оценить зависимость бизнеса от платной рекламы."
"Коэффициент участия в акциях (Promotion Engagement Rate)","Процент пользователей, которые участвуют в акциях или распродажах по сравнению с общей аудиторией.","Помогает оценить привлекательность акций для клиентов."
"Число запросов в службу поддержки (Support Ticket Count)","Общее количество запросов в службу поддержки за определенный период.","Показатель уровня удовлетворенности клиентов и возможных проблем с продуктом."
"Коэффициент роста доходов от рекламы (Advertising Revenue Growth Rate)","Процентное изменение доходов от рекламы за определенный период.","Ключевой показатель для оценки успешности рекламных стратегий."
"Коэффициент анализа данных (Data Analysis Rate)","Процент данных, которые были проанализированы и использованы для принятия решений.","Важен для оценки эффективности аналитических процессов."
"Ставка на лояльность (Loyalty Rate)","Процент клиентов, которые остаются с брендом и делают повторные покупки.","Показывает уровень приверженности и удовлетворенности клиентов."
"Доля местного трафика (Local Traffic Share)","Процент трафика, полученного из местных поисковых запросов по сравнению с общим трафиком.","Важно для бизнеса, работающего на локальном рынке."
"Коэффициент вовлеченности в события (Event Engagement Rate)","Процент участников, которые взаимодействуют с мероприятиями (вебинары, конференции и т.д.).","Помогает оценить интерес к мероприятиям и их успешность."
"Коэффициент отклика на опросы (Survey Response Rate)","Процент пользователей, которые ответили на опрос по сравнению с общим числом приглашенных.","Помогает оценить уровень вовлеченности аудитории и интерес к исследованию."
"Средняя стоимость заказа (Average Order Value, AOV)","Средняя сумма, потраченная клиентом за один заказ.","Ключевой показатель для оценки покупательского поведения."
"Коэффициент активности в социальных сетях (Social Media Activity Rate)","Процент пользователей, которые взаимодействуют с контентом в социальных сетях.","Показывает уровень вовлеченности и интереса к бренду."
"Число кликов на кнопку (Button Click Count)","Общее количество кликов на определенные кнопки на сайте или в приложении.","Позволяет оценить эффективность призывов к действию (CTA)."
"Коэффициент завершения процесса (Process Completion Rate)","Процент пользователей, которые завершили определенный процесс (например, регистрацию, покупку).","Важно для оценки удобства и простоты процессов."
"Доля повторных продаж (Repeat Sales Rate)","Процент покупателей, которые сделали повторные покупки в течение определенного периода.","Показывает уровень лояльности и удовлетворенности клиентов."
"Коэффициент отказов по причине цены (Price Sensitivity Rate)","Процент пользователей, которые покинули сайт из-за высокой цены продукта.","Помогает понять, насколько цена влияет на решение о покупке."
"Ставка на активные клиенты (Active Customer Rate)","Процент клиентов, которые совершили хотя бы одну покупку за определенный период.","Ключевой показатель для оценки базы клиентов."
"Число взаимодействий с видео (Video Interaction Count)","Общее количество взаимодействий (просмотры, лайки, комментарии) с видеоконтентом.","Показывает степень вовлеченности аудитории в видеоконтент."
"Коэффициент отклика на email (Email Response Rate)","Процент пользователей, которые ответили на email-рассылку по сравнению с общим числом отправленных писем.","Оценка эффективности email-маркетинга."
"Коэффициент роста социальных подписчиков (Social Follower Growth Rate)","Процентное изменение числа подписчиков в социальных сетях за определенный период.","Показывает, насколько активно растет аудитория в социальных медиа."
"Коэффициент использования скидок (Discount Utilization Rate)","Процент клиентов, которые воспользовались предложенными скидками или акциями.","Оценка привлекательности предложений для клиентов."
"Число новых партнерств (New Partnerships Count)","Общее количество новых партнерств или коллабораций, заключенных за определенный период.","Помогает оценить активность в расширении бизнес-сетей."
"Скорость отклика на запросы (Response Time)","Среднее время, необходимое для ответа на запросы клиентов или пользователей.","Ключевой показатель качества обслуживания клиентов."
"Коэффициент удовлетворенности продуктом (Product Satisfaction Rate)","Процент клиентов, удовлетворенных качеством продукта на основе опросов.","Помогает понять, насколько продукт соответствует ожиданиям клиентов."
"Коэффициент удержания пользователей (User Retention Rate)","Процент пользователей, которые продолжают использовать приложение или сервис через определенный период.","Важен для оценки лояльности и удовлетворенности пользователей."
"Число активных пользователей за день (Daily Active Users, DAU)","Количество уникальных пользователей, активно использующих продукт или сервис в течение дня.","Показатель текущего уровня вовлеченности пользователей."
"Число загрузок приложения (App Download Count)","Общее количество загрузок мобильного приложения за определенный период.","Помогает оценить популярность и интерес к приложению."
"Коэффициент вовлеченности в вебинарах (Webinar Engagement Rate)","Процент участников вебинаров, которые активно взаимодействуют (задают вопросы, участвуют в опросах).","Показывает уровень интереса и вовлеченности в обучающие мероприятия."
"Коэффициент отказов по причине сложности (Complexity Drop-off Rate)","Процент пользователей, покинувших сайт или приложение из-за сложности интерфейса или процесса.","Важно для улучшения пользовательского опыта."
"Число упоминаний бренда (Brand Mentions Count)","Общее количество упоминаний бренда в социальных сетях, на форумах и в новостях.","Показатель популярности и обсуждаемости бренда."
"Коэффициент использования мобильного приложения (App Usage Rate)","Процент пользователей, активно использующих мобильное приложение по сравнению с общим количеством установок.","Оценка вовлеченности и полезности приложения."
"Коэффициент переходов с мобильных устройств (Mobile Click-Through Rate)","Процент кликов с мобильных устройств по сравнению с общим числом показов рекламы на мобильных платформах.","Важен для оптимизации мобильной рекламы."
"Ставка на клиентский опыт (Customer Experience Rate)","Оценка пользовательского опыта на основе опросов и отзывов.","Ключевой показатель для определения качества обслуживания и удовлетворенности."
"Коэффициент изменений в стратегиях (Strategy Change Rate)","Процент изменений в маркетинговых стратегиях на основе анализа данных.","Помогает оценить адаптивность бизнеса к изменениям на рынке."
"Коэффициент переходов по рекламе (Ad Click-Through Rate)","Процент пользователей, которые кликнули на рекламу по сравнению с общим числом показов.","Оценка привлекательности рекламного объявления."
"Скорость роста контента на сайте (Content Growth Speed)","Темп, с которым добавляется новый контент на сайт (например, статьи, блоги).","Важен для оценки активности контентной стратегии."
"Коэффициент возврата на инвестиции в контент (Content ROI)","Соотношение дохода, полученного от контента, к затратам на его создание.","Показывает эффективность контентного маркетинга."
"Число активных клиентов (Active Client Count)","Общее количество клиентов, которые сделали хотя бы одну покупку за определенный период.","Ключевой показатель для оценки клиентской базы."
"Коэффициент использования социальных медиа (Social Media Utilization Rate)","Процент пользователей, активно использующих социальные медиа для взаимодействия с брендом.","Помогает понять, насколько эффективно используются социальные медиа."
"Коэффициент качества трафика (Traffic Quality Score)","Оценка качества трафика на основе поведения пользователей и коэффициентов конверсии.","Важен для оценки эффективности маркетинговых каналов."
"Доля трафика из электронных писем (Email Traffic Share)","Процент трафика, приходящего с email-рассылок по сравнению с общим трафиком.","Оценка эффективности email-маркетинга."
"Коэффициент активации пользователей (User Activation Rate)","Процент пользователей, которые выполнили ключевое действие после регистрации.","Показывает, насколько успешно пользователи вовлечены в продукт."
"Число подписчиков на рассылку (Newsletter Subscribers Count)","Общее количество подписчиков на email-рассылку.","Показатель роста базы клиентов и потенциального охвата."
"Коэффициент увеличения продаж (Sales Increase Rate)","Процентное изменение объема продаж за определенный период.","Ключевой показатель для оценки роста бизнеса."
"Среднее время ответа на запросы (Average Response Time)","Среднее время, необходимое для ответа на запросы клиентов в службе поддержки.","Важно для оценки качества обслуживания клиентов."
"Число кликов по ссылкам в email (Email Link Click Count)","Общее количество кликов по ссылкам в email-рассылках за определенный период.","Помогает оценить эффективность контента в email-маркетинге."
"Коэффициент вовлеченности в блоги (Blog Engagement Rate)","Процент пользователей, которые взаимодействуют с контентом блога (лайки, комментарии) по сравнению с общим числом просмотров.","Показывает уровень интереса к блогу."
"Ставка на возврат клиентов (Customer Return Rate)","Процент клиентов, которые сделали повторные покупки в течение определенного времени.","Показывает уровень лояльности и удовлетворенности клиентов."
"Коэффициент использования мобильного сайта (Mobile Site Utilization Rate)","Процент трафика, приходящего с мобильных устройств по сравнению с общим трафиком сайта.","Важно для оптимизации мобильной версии сайта."
"Число зарегистрированных пользователей (Registered Users Count)","Общее количество пользователей, зарегистрированных на платформе или сайте.","Показатель роста сообщества и базы пользователей."
"Коэффициент загрузки страницы (Page Load Rate)","Среднее время, необходимое для загрузки страниц на сайте.","Важный фактор для пользовательского опыта и SEO."
"Число новых отзывов (New Reviews Count)","Общее количество новых отзывов о продукте или услуге за определенный период.","Показатель уровня взаимодействия клиентов и их удовлетворенности."
"Коэффициент взаимодействия с мобильным приложением (Mobile App Engagement Rate)","Процент пользователей, активно взаимодействующих с мобильным приложением.","Помогает оценить степень вовлеченности пользователей в приложение."
"Доля рекомендованных клиентов (Referrals Share)","Процент новых клиентов, пришедших через рекомендации существующих клиентов.","Показатель уровня удовлетворенности клиентов и их готовности рекомендовать."
"Коэффициент переходов по ссылкам на сайте (Internal Link Click Rate)","Процент кликов по внутренним ссылкам на сайте по сравнению с общим числом просмотров.","Помогает оценить навигацию и структуру сайта."
"Число пересечений с конкурентами (Competitor Overlap Count)","Количество пересечений с конкурентами по метрикам (например, трафик, социальные медиа).","Помогает понять конкурентную среду."
"Коэффициент роста базы данных (Database Growth Rate)","Процентное изменение размера базы данных контактов за определенный период.","Важен для оценки эффективности стратегий по сбору данных."
"Коэффициент отклика на акции (Promotion Response Rate)","Процент пользователей, которые откликнулись на рекламные акции или предложения.","Оценка привлекательности акций для клиентов."
"Коэффициент предсказания оттока (Churn Prediction Rate)","Процент клиентов, которых система предсказывает как потенциальных уходящих.","Помогает заранее принимать меры для удержания клиентов."
"Коэффициент передачи знания (Knowledge Transfer Rate)","Процент сотрудников, которые успешно усваивают новые знания и навыки после обучения.","Ключевой показатель для оценки эффективности программ обучения."
"Индекс счастья клиентов (Customer Happiness Index)","Комбинированная оценка уровня удовлетворенности и лояльности клиентов.","Помогает в понимании общего состояния клиентского опыта."
"Коэффициент адаптивности контента (Content Adaptability Rate)","Процент контента, который адаптируется в зависимости от поведения пользователя.","Важно для персонализации пользовательского опыта."
"Ставка на многоканальную вовлеченность (Multichannel Engagement Rate)","Процент пользователей, которые взаимодействуют с брендом через несколько каналов.","Показывает, насколько хорошо бренд работает в разных каналах."
"Индекс вовлеченности сотрудников (Employee Engagement Index)","Оценка уровня вовлеченности сотрудников в рабочие процессы и культуру компании.","Ключевой показатель для оценки корпоративной культуры."
"Коэффициент использования AI (AI Utilization Rate)","Процент процессов, в которых используются технологии искусственного интеллекта.","Помогает понять, насколько активно компания применяет AI для оптимизации процессов."
"Коэффициент конверсии по сегментам (Segmented Conversion Rate)","Процент конверсий, разделенный по различным сегментам аудитории.","Позволяет глубже анализировать эффективность маркетинга по целевым группам."
"Ставка на кросс-продажи (Cross-Sell Rate)","Процент клиентов, которые приобрели дополнительные продукты или услуги после первой покупки.","Помогает оценить эффективность кросс-продаж."
"Индекс сложности пользовательского опыта (User Experience Complexity Index)","Оценка сложности взаимодействия пользователя с продуктом или услугой.","Важно для улучшения дизайна и удобства интерфейса."
"Коэффициент активных пользователей на платформах (Platform Active User Rate)","Процент пользователей, активно использующих продукт на разных платформах (веб, мобильные устройства и т.д.).","Помогает понять, где лучше всего работает продукт."
"Число взаимодействий с чат-ботами (Chatbot Interaction Count)","Общее количество взаимодействий пользователей с чат-ботами за определенный период.","Помогает оценить эффективность автоматизации обслуживания."
"Коэффициент вовлеченности в видеоконтент (Video Engagement Rate)","Процент пользователей, взаимодействующих с видеоконтентом (просмотры, лайки, комментарии).","Показатель интереса к видеоматериалам."
"Коэффициент использования мобильных платежей (Mobile Payment Utilization Rate)","Процент клиентов, использующих мобильные платежи для покупок.","Важен для оценки актуальности и удобства платежных решений."
"Число активных подписок (Active Subscription Count)","Общее количество активных подписок на услуги или контент.","Показатель стабильности доходов и вовлеченности клиентов."
"Коэффициент использования локализации (Localization Utilization Rate)","Процент контента, адаптированного для различных регионов и культур.","Важно для глобальных компаний, работающих на разных рынках."
"Индекс эффективности рекламных расходов (Advertising Spend Efficiency Index)","Оценка эффективности расходования бюджета на рекламу в отношении полученного дохода.","Ключевой показатель для оптимизации рекламных кампаний."
"Коэффициент обратной связи (Feedback Rate)","Процент клиентов, предоставивших обратную связь о продукте или услуге.","Важно для понимания потребностей и ожиданий клиентов."
"Коэффициент использования альтернативных каналов (Alternative Channel Utilization Rate)","Процент клиентов, использующих альтернативные каналы для покупок или взаимодействия с брендом.","Помогает понять, какие каналы наиболее эффективны."
"Число упоминаний в СМИ (Media Mentions Count)","Общее количество упоминаний бренда в СМИ за определенный период.","Показатель общественного восприятия и медийности бренда."
"Коэффициент использования рекомендаций (Recommendation Utilization Rate)","Процент клиентов, которые воспользовались рекомендациями по продуктам или услугам.","Помогает оценить эффективность системы рекомендаций."
"Коэффициент взаимодействия с пользователями (User Interaction Rate)","Процент пользователей, которые активно взаимодействуют с продуктом или сервисом.","Показатель вовлеченности и интереса к продукту."
"Коэффициент использования социального доказательства (Social Proof Utilization Rate)","Процент клиентов, которые принимают решения на основе отзывов или рекомендаций других пользователей.","Ключевой показатель для оценки влияния социального доказательства."
"Число пересечений с конкурентами в социальных медиа (Social Media Competitor Overlap Count)","Количество упоминаний и взаимодействий с конкурентами в социальных медиа.","Помогает понять конкурентную среду в социальных сетях."
"Коэффициент адаптации к изменениям (Change Adaptation Rate)","Процент сотрудников, которые успешно адаптировались к изменениям в компании.","Важно для оценки гибкости организационной структуры."
"Коэффициент вовлеченности на мероприятиях (Event Engagement Rate)","Процент участников, активно взаимодействующих во время офлайн или онлайн мероприятий.","Показатель успешности мероприятий и интереса к ним."
"Индекс эффективности контента (Content Effectiveness Index)","Сводный показатель, оценивающий, насколько успешно контент достигает поставленных целей.","Помогает в оптимизации контентной стратегии."
"Коэффициент времени на сайте (Time on Site Rate)","Среднее время, проведенное пользователями на сайте.","Важно для оценки качества контента и интереса к материалам."
"Число отзывов о продукте (Product Review Count)","Общее количество отзывов, оставленных пользователями о продукте.","Показатель уровня взаимодействия и доверия к продукту."
"Коэффициент использования интерактивного контента (Interactive Content Utilization Rate)","Процент пользователей, взаимодействующих с интерактивным контентом (викторины, опросы и т.д.).","Показатель вовлеченности и интереса к контенту."
"Коэффициент использования платформы (Platform Utilization Rate)","Процент пользователей, активно использующих платформу с учетом функций и возможностей.","Помогает понять, насколько эффективно используются все функции платформы."
"Число активных пользователей на мероприятиях (Event Active User Count)","Количество уникальных пользователей, посетивших мероприятие или вебинар.","Показатель интереса к мероприятию и его популярности."
"Коэффициент выполнения задач (Task Completion Rate)","Процент пользователей, успешно завершивших заданные задачи или опросы.","Важно для оценки удобства и эффективности интерфейса."
"Индекс удовлетворенности сотрудников (Employee Satisfaction Index)","Оценка общего уровня удовлетворенности сотрудников условиями труда и корпоративной культурой.","Ключевой показатель для удержания сотрудников."
"Коэффициент новых клиентов по каналам (New Customer Acquisition Rate by Channel)","Процент новых клиентов, привлеченных через разные каналы (онлайн, офлайн и др.).","Помогает оценить эффективность каналов привлечения."
"Число повторных покупок (Repeat Purchase Count)","Общее число повторных покупок от одного и того же клиента за определенный период.","Показатель лояльности и удовлетворенности клиентов."
"Коэффициент использования аналитических инструментов (Analytics Tool Utilization Rate)","Процент сотрудников, активно использующих аналитические инструменты для принятия решений.","Помогает оценить заинтересованность в данных и аналитике."
"Число запрашиваемых функций (Requested Feature Count)","Общее количество запросов на новые функции или улучшения от пользователей.","Показатель потребностей и ожиданий клиентов."
"Коэффициент перехода на мобильные платформы (Mobile Transition Rate)","Процент пользователей, которые начали использовать мобильную версию продукта или приложения.","Важен для оценки актуальности мобильного решения."
"Коэффициент использования рекомендаций (Recommendation Utilization Rate)","Процент клиентов, которые воспользовались рекомендациями по продуктам или услугам.","Помогает оценить эффективность системы рекомендаций."
"Индекс конкурентной позиции (Competitive Position Index)","Сравнительная оценка компании относительно основных конкурентов по ключевым показателям.","Помогает понять, где находится компания в конкурентной среде."
"Коэффициент отклика на CRM-кампании (CRM Campaign Response Rate)","Процент клиентов, которые откликнулись на кампании, проведенные через CRM-систему.","Важен для оценки эффективности CRM-маркетинга."
"Коэффициент использования видеорекламы (Video Ad Utilization Rate)","Процент пользователей, которые взаимодействуют с видеорекламой.","Показатель эффективности видеорекламы как канала привлечения."
"Число интерактивных элементов на сайте (Interactive Element Count)","Общее количество интерактивных элементов (кнопки, формы, чаты и т.д.) на сайте.","Помогает оценить уровень взаимодействия на сайте."
"Коэффициент анализа данных (Data Analysis Rate)","Процент сотрудников, активно использующих данные для анализа и принятия решений.","Показатель зрелости аналитической культуры в компании."
"Коэффициент использования отзывов (Feedback Utilization Rate)","Процент отзывов, которые были учтены в процессе улучшения продукта или сервиса.","Важно для понимания, насколько компания ценит мнение клиентов."
"Коэффициент удовлетворенности качеством обслуживания (Service Quality Satisfaction Rate)","Процент клиентов, удовлетворенных качеством обслуживания.","Ключевой показатель для оценки уровня сервиса."
"Число новых функций на платформе (New Feature Count)","Общее количество новых функций, добавленных на платформу за определенный период.","Показатель активности разработки и улучшений."
"Коэффициент адаптации к новым технологиям (Technology Adoption Rate)","Процент сотрудников, которые успешно освоили новые технологии или инструменты.","Важно для оценки готовности бизнеса к инновациям."
"Коэффициент использования личных рекомендаций (Personal Recommendation Utilization Rate)","Процент клиентов, которые воспользовались персонализированными рекомендациями.","Помогает оценить эффективность персонализации."
"Коэффициент вовлеченности в социальных медиа (Social Media Engagement Rate)","Процент пользователей, взаимодействующих с контентом в социальных медиа (лайки, комментарии, репосты).","Ключевой показатель для оценки эффективности присутствия в соцсетях."
"Индекс здоровья бренда (Brand Health Index)","Сводный показатель, оценивающий восприятие бренда среди целевой аудитории.","Помогает отслеживать изменения в имидже бренда со временем."
"Коэффициент использования мобильных приложений (Mobile App Utilization Rate)","Процент пользователей, активно использующих мобильное приложение по сравнению с общим числом пользователей.","Важен для оценки успеха мобильного решения."
"Число уникальных посетителей (Unique Visitor Count)","Общее количество уникальных пользователей, посетивших сайт за определенный период.","Ключевой показатель для оценки трафика и интереса к контенту."
"Коэффициент конверсии по платформам (Platform Conversion Rate)","Процент пользователей, которые совершили покупки на различных платформах (мобильные, веб).","Помогает понять, какая платформа наиболее эффективна для конверсий."
"Число новых подписчиков (New Subscriber Count)","Общее количество новых подписчиков на рассылку или социальные сети за определенный период.","Показатель роста аудитории и интереса к контенту."
"Коэффициент использования пользовательских опросов (Survey Utilization Rate)","Процент пользователей, участвующих в опросах и исследованиях.","Важно для оценки уровня вовлеченности и получения обратной связи."
"Индекс лояльности клиентов (Customer Loyalty Index)","Сводный показатель, оценивающий уровень приверженности клиентов к бренду.","Помогает прогнозировать будущие продажи и удержание клиентов."
"Коэффициент отклика на электронные письма (Email Response Rate)","Процент клиентов, ответивших на электронные письма или рассылки.","Ключевой показатель для оценки эффективности email-маркетинга."
"Число загрузок приложения (App Download Count)","Общее количество скачиваний мобильного приложения за определенный период.","Показатель популярности приложения на рынке."
"Коэффициент использования локальных SEO (Local SEO Utilization Rate)","Процент бизнеса, использующего локальные стратегии SEO для привлечения клиентов.","Важно для компаний, работающих на локальном рынке."
"Коэффициент использования контент-маркетинга (Content Marketing Utilization Rate)","Процент компаний, активно использующих контент-маркетинг для привлечения клиентов.","Помогает понять, насколько распространена эта стратегия."
"Число упоминаний в отзывах (Review Mention Count)","Количество раз, когда продукт или услуга упоминается в отзывах клиентов.","Показатель уровня доверия и интереса со стороны клиентов."
"Коэффициент использования автоматизации маркетинга (Marketing Automation Utilization Rate)","Процент компаний, использующих автоматизацию в своих маркетинговых процессах.","Важно для оценки зрелости маркетинга в компании."
"Индекс привлекательности цен (Price Appeal Index)","Оценка привлекательности ценовой политики компании для целевой аудитории.","Помогает понять, насколько конкурентоспособными являются цены."
"Коэффициент возврата клиентов (Customer Retention Rate)","Процент клиентов, которые продолжают делать покупки в течение определенного времени.","Ключевой показатель для оценки лояльности и удовлетворенности клиентов."
"Число взаимодействий с контентом (Content Interaction Count)","Общее количество взаимодействий пользователей с контентом (просмотры, лайки, комментарии).","Показатель вовлеченности и интереса к контенту."
"Коэффициент использования A/B-тестирования (A/B Testing Utilization Rate)","Процент компаний, использующих A/B-тестирование для оптимизации своих кампаний.","Важно для оценки подхода к улучшению эффективности маркетинга."
"Число отказов от подписки (Unsubscribe Count)","Общее количество пользователей, отписавшихся от рассылок за определенный период.","Показатель уровня удовлетворенности и релевантности контента."
"Коэффициент использования блогов (Blog Utilization Rate)","Процент компаний, активно использующих блоги как часть своей контентной стратегии.","Важно для оценки популярности контентного маркетинга."
"Индекс узнаваемости бренда (Brand Awareness Index)","Сводный показатель, оценивающий уровень осведомленности целевой аудитории о бренде.","Помогает отслеживать изменения в восприятии бренда."
"Коэффициент вовлеченности в e-commerce (E-commerce Engagement Rate)","Процент пользователей, взаимодействующих с e-commerce платформой (просмотры, добавление в корзину).","Ключевой показатель для оценки успешности интернет-магазина."
"Число активных взаимодействий с клиентами (Active Customer Interaction Count)","Общее количество взаимодействий с клиентами через различные каналы (социальные сети, email и т.д.).","Показатель уровня вовлеченности клиентов."
"Коэффициент использования отзывов для улучшения (Feedback Improvement Utilization Rate)","Процент отзывов, которые были использованы для улучшения продуктов или услуг.","Важно для понимания, насколько компания реагирует на обратную связь."
"Коэффициент вовлеченности в рекламные кампании (Advertising Campaign Engagement Rate)","Процент пользователей, взаимодействующих с рекламной кампанией (клики, лайки, комментарии).","Ключевой показатель для оценки эффективности рекламных усилий."
"Коэффициент использования онлайн-отчетов (Online Reporting Utilization Rate)","Процент сотрудников, использующих онлайн-отчеты для принятия решений.","Показатель того, насколько информация доступна и полезна для бизнеса."
"Индекс доступности контента (Content Accessibility Index)","Оценка легкости доступа к контенту для пользователей с различными потребностями.","Важно для обеспечения инклюзивности и расширения аудитории."
"Число активных пользователей на платформе (Platform Active User Count)","Общее число пользователей, активно использующих платформу за определенный период.","Ключевой показатель для оценки устойчивости и популярности платформы."
"Коэффициент переходов по ссылкам (Link Click-Through Rate)","Процент пользователей, которые нажали на ссылки в контенте или письмах.","Помогает оценить привлекательность предложений и контента."
"Коэффициент использования вебинаров (Webinar Utilization Rate)","Процент пользователей, участвующих в вебинарах или онлайн-мероприятиях.","Показатель интереса к обучающим и информационным материалам."
"Число упоминаний бренда в блогах (Blog Mention Count)","Общее количество раз, когда бренд упоминается в блогах и статьях.","Показатель общественного восприятия и медийности бренда."
"Коэффициент использования аналитических данных для принятия решений (Data-Driven Decision Making Rate)","Процент решений, основанных на аналитических данных.","Важно для оценки зрелости организации в области аналитики."
"Коэффициент вовлеченности в контент на мобильных устройствах (Mobile Content Engagement Rate)","Процент пользователей, взаимодействующих с контентом на мобильных устройствах.","Ключевой показатель для оценки мобильной стратегии контента."
"Коэффициент переходов на сайт из социальных медиа (Social Media Traffic Conversion Rate)","Процент пользователей, которые перешли на сайт из социальных медиа и совершили покупку.","Помогает понять, насколько эффективно работают социальные сети."
"Число активных пользователей в сообществах (Community Active User Count)","Общее количество пользователей, активно участвующих в онлайн-сообществах или форумах.","Показатель уровня вовлеченности и интереса к темам сообщества."
"Коэффициент использования пользовательских отзывов для маркетинга (Review-Driven Marketing Rate)","Процент маркетинговых материалов, основанных на отзывах клиентов.","Важно для повышения доверия и привлекательности предложения."
"Индекс качества обслуживания клиентов (Customer Service Quality Index)","Сводный показатель, оценивающий качество обслуживания клиентов.","Ключевой элемент для оценки эффективности службы поддержки."
"Коэффициент использования AR/VR технологий (AR/VR Technology Utilization Rate)","Процент компаний, использующих дополненную или виртуальную реальность в своих стратегиях.","Важно для оценки инновационности подходов."
"Число новых функций на основе отзывов (New Features from Feedback Count)","Общее количество новых функций и улучшений, внедренных на основе клиентских отзывов.","Показатель реакции на потребности клиентов."
"Коэффициент использования локального контента (Local Content Utilization Rate)","Процент контента, адаптированного для локальных рынков и культур.","Важно для глобальных компаний с локальными стратегиями."
"Число уникальных контентных форматов (Unique Content Format Count)","Общее количество различных форматов контента, использованных в стратегии (видео, подкасты и т.д.).","Показатель разнообразия и креативности контента."
"Коэффициент вовлеченности клиентов в отзывах (Review Engagement Rate)","Процент пользователей, которые активно участвуют в написании отзывов о продукте или услуге.","Важно для оценки уровня доверия и лояльности."
"Индекс гибкости цен (Price Flexibility Index)","Оценка того, насколько цена продукта может варьироваться в зависимости от спроса и предложения.","Помогает в управлении ценовой стратегией."
"Коэффициент использования SEO-стратегий (SEO Strategy Utilization Rate)","Процент компаний, активно использующих SEO-стратегии для привлечения трафика.","Помогает понять, насколько важна SEO для бизнеса."
"Число взаимодействий с клиентами по электронной почте (Email Interaction Count)","Общее количество взаимодействий (открытия, клики) клиентов с email-рассылками.","Показатель эффективности email-маркетинга."
"Коэффициент использования контента от пользователей (User-Generated Content Rate)","Процент контента, созданного пользователями, по сравнению с контентом, созданным компанией.","Важно для оценки вовлеченности и доверия клиентов."
"Число мобильных пользователей (Mobile User Count)","Общее число пользователей, которые взаимодействуют с продуктом через мобильные устройства.","Ключевой показатель для оценки мобильной аудитории."
"Коэффициент использования прогрессивных веб-приложений (PWA Utilization Rate)","Процент компаний, использующих прогрессивные веб-приложения для улучшения пользовательского опыта.","Важно для оценки технологической адаптивности."
"Индекс удовлетворенности по каналам (Channel Satisfaction Index)","Сравнительная оценка уровня удовлетворенности клиентов по различным каналам взаимодействия.","Помогает понять, какие каналы требуют улучшения."
"Коэффициент использования анализа конкурентной среды (Competitive Analysis Utilization Rate)","Процент компаний, которые активно проводят анализ конкурентов для улучшения своих стратегий.","Показатель зрелости стратегии компаний."
"Коэффициент использования многократного взаимодействия (Multi-Touch Engagement Rate)","Процент пользователей, которые взаимодействуют с брендом через несколько точек касания в процессе покупки.","Помогает понять, как различные каналы взаимодействия влияют на решение о покупке."
"Индекс эффективности email-рассылок (Email Campaign Effectiveness Index)","Сводный показатель, оценивающий успех email-кампаний по открываемости, кликам и конверсиям.","Ключевой показатель для оптимизации email-маркетинга."
"Коэффициент возврата инвестиций в контент (Content ROI Rate)","Соотношение доходов, полученных от контента, к затратам на его создание и продвижение.","Важно для оценки эффективности контентной стратегии."
"Число активных участников в программах лояльности (Loyalty Program Active Participant Count)","Общее количество участников, активно использующих преимущества программы лояльности.","Показатель привлекательности программы для клиентов."
"Коэффициент использования списка желаемого (Wishlist Utilization Rate)","Процент пользователей, которые добавляют продукты в список желаемого и затем совершают покупку.","Помогает понять, насколько эффективно работает функция списка желаемого."
"Индекс удовлетворенности пользовательским интерфейсом (UI Satisfaction Index)","Оценка уровня удовлетворенности пользователей интерфейсом продукта или услуги.","Ключевой показатель для понимания удобства использования."
"Коэффициент отклика на SMS-рассылки (SMS Campaign Response Rate)","Процент клиентов, ответивших на SMS-рассылки или предложения.","Важно для оценки эффективности SMS-маркетинга."
"Число повторных визитов на сайт (Repeat Visit Count)","Общее количество повторных визитов пользователей на сайт за определенный период.","Показатель уровня вовлеченности и интереса к контенту."
"Коэффициент использования чат-ботов (Chatbot Utilization Rate)","Процент клиентов, взаимодействующих с чат-ботами для получения информации или помощи.","Помогает понять, насколько эффективны автоматизированные каналы поддержки."
"Коэффициент переходов на сайт из рекламы (Paid Traffic Conversion Rate)","Процент пользователей, которые перешли на сайт через платную рекламу и совершили покупку.","Важно для оценки ROI рекламных кампаний."
"Индекс цифровой зрелости (Digital Maturity Index)","Оценка уровня цифровой зрелости компании на основе использования технологий и цифровых стратегий.","Помогает понять, насколько компания готова к цифровым изменениям."
"Коэффициент использования видеоплатформ (Video Platform Utilization Rate)","Процент пользователей, активно использующих видеоплатформы для взаимодействия с контентом.","Ключевой показатель для оценки вовлеченности через видео."
"Число упоминаний в социальных медиа (Social Media Mention Count)","Общее количество раз, когда бренд упоминается в социальных медиа за определенный период.","Показатель общественного восприятия и интереса к бренду."
"Коэффициент использования AR/VR в маркетинге (AR/VR Marketing Utilization Rate)","Процент компаний, использующих дополненную или виртуальную реальность в своих маркетинговых стратегиях.","Важно для оценки инновационных подходов в маркетинге."
"Число клиентов, привлеченных через реферальные программы (Referral Program Acquisition Count)","Общее количество новых клиентов, привлеченных через реферальные программы.","Показатель эффективности реферального маркетинга."
"Коэффициент использования аналитических инструментов для оптимизации (Analytics Tools Optimization Rate)","Процент компаний, использующих аналитические инструменты для оптимизации своих процессов.","Важный показатель для оценки зрелости аналитической культуры."
"Индекс разнообразия контента (Content Diversity Index)","Оценка разнообразия форматов и типов контента, используемого в стратегии.","Помогает понять, насколько контентная стратегия охватывает различные аудитории."
"Коэффициент использования кросс-продаж (Cross-Sell Rate)","Процент клиентов, которые приобрели дополнительные товары или услуги при покупке.","Ключевой показатель для оценки эффективности кросс-продаж."
"Число активных пользователей на мобильной платформе (Mobile Platform Active User Count)","Общее количество пользователей, активно использующих мобильное приложение или сайт.","Показатель успешности мобильного решения."
"Коэффициент использования пользовательского контента (User-Created Content Rate)","Процент контента, созданного пользователями, по сравнению с контентом, созданным компанией.","Важно для вовлеченности и доверия клиентов."
"Коэффициент использования многоканального маркетинга (Omnichannel Marketing Utilization Rate)","Процент компаний, использующих многоканальный подход в своих маркетинговых стратегиях.","Помогает понять, насколько хорошо компании интегрируют свои каналы."
"Индекс устойчивости к изменениям (Change Resilience Index)","Оценка способности компании адаптироваться к изменениям на рынке или в отрасли.","Ключевой показатель для оценки долгосрочной устойчивости бизнеса."
"Коэффициент использования обратной связи для улучшения (Feedback Utilization for Improvement Rate)","Процент полученной обратной связи, использованной для улучшения процессов или продуктов.","Важно для оценки, насколько компания реагирует на мнения клиентов."
"Число успешных A/B тестов (Successful A/B Test Count)","Общее количество A/B тестов, которые привели к улучшению показателей.","Показатель эффективности экспериментов и оптимизации."
"Коэффициент использования аналитики в реальном времени (Real-Time Analytics Utilization Rate)","Процент компаний, использующих аналитические данные в реальном времени для принятия решений.","Ключевой показатель для оценки оперативности и эффективности бизнеса."
"Индекс вовлеченности в пользовательские исследования (User Research Engagement Index)","Сводный показатель, оценивающий уровень участия пользователей в исследованиях и опросах.","Помогает понять, насколько клиенты заинтересованы в улучшении продуктов."
"Коэффициент использования локализованного контента (Localized Content Utilization Rate)","Процент контента, адаптированного для различных языков и культур.","Важно для глобальных компаний, работающих на разных рынках."
"Число активных пользователей через мобильные приложения (Mobile App Active User Count)","Общее количество пользователей, активно использующих мобильное приложение за определенный период.","Показатель успешности мобильной стратегии."
"Коэффициент отклика на акции и скидки (Promo Response Rate)","Процент клиентов, которые откликнулись на акции и предложения со скидками.","Важно для оценки эффективности промо-кампаний."
"Индекс удовлетворенности обучением (Training Satisfaction Index)","Оценка уровня удовлетворенности сотрудников программами обучения и развития.","Ключевой показатель для оценки инвестиций в развитие персонала."
"Коэффициент использования автоматизации обслуживания (Service Automation Utilization Rate)","Процент компаний, использующих автоматизированные решения для обслуживания клиентов.","Важно для повышения эффективности и снижения затрат."
"Число новых идей, предложенных сотрудниками (Employee Idea Submission Count)","Общее количество идей и предложений, представленных сотрудниками для улучшений.","Показатель вовлеченности сотрудников в процессы бизнеса."
"Коэффициент использования чат-ботов в службе поддержки (Support Bot Utilization Rate)","Процент клиентов, взаимодействующих с чат-ботами для получения поддержки.","Помогает оценить, насколько автоматизированные системы эффективны."
"Коэффициент возврата клиентов после первого контакта (First Contact Customer Return Rate)","Процент клиентов, которые вернулись после первого взаимодействия с брендом.","Ключевой показатель для оценки качества первого контакта."
"Индекс эффективности социальных медиа (Social Media Effectiveness Index)","Сводный показатель, оценивающий успех социальных медиа по вовлеченности и охвату.","Помогает понять, насколько эффективно работают социальные каналы."
"Коэффициент использования мобильной версии сайта (Mobile Site Utilization Rate)","Процент пользователей, которые активно используют мобильную версию сайта.","Важно для оценки удобства и доступности контента на мобильных устройствах."
"Число запросов на поддержку (Support Request Count)","Общее количество запросов, поступивших в службу поддержки за определенный период.","Показатель нагрузки на службу поддержки и удовлетворенности клиентов."
"Коэффициент успешных запусков продуктов (Successful Product Launch Rate)","Процент продуктов, успешно запущенных на рынок относительно общего числа запусков.","Ключевой показатель для оценки эффективности продуктовой стратегии."
"Индекс информированности сотрудников (Employee Awareness Index)","Оценка уровня осведомленности сотрудников о целях и ценностях компании.","Важно для поддержания корпоративной культуры."
"Коэффициент использования видео в маркетинге (Video Marketing Utilization Rate)","Процент компаний, использующих видео как часть своей маркетинговой стратегии.","Помогает оценить актуальность видеоконтента."
"Число лояльных клиентов (Loyal Customer Count)","Общее количество клиентов, которые регулярно совершают покупки.","Показатель устойчивости и приверженности клиентов к бренду."
"Коэффициент использования обратной связи для улучшения продуктов (Product Improvement Feedback Utilization Rate)","Процент полученной обратной связи, использованной для улучшения продуктов.","Важно для демонстрации реакции на мнения клиентов."
"Индекс активности пользователей на платформах (User Activity Index)","Сводный показатель активности пользователей на различных платформах компании.","Помогает понять, насколько активно пользователи взаимодействуют с брендом."
"Коэффициент использования принципов устойчивого развития (Sustainability Principle Utilization Rate)","Процент компаний, которые внедряют принципы устойчивого развития в свои практики.","Важно для оценки корпоративной ответственности."
"Число уникальных пользователей на посадочной странице (Landing Page Unique Visitor Count)","Общее количество уникальных посетителей, пришедших на определенную посадочную страницу.","Показатель привлекательности и эффективности маркетинговых кампаний."
"Коэффициент использования инфографики (Infographic Utilization Rate)","Процент контента, представленного в виде инфографики.","Помогает оценить уровень визуализации данных и вовлеченности."
"Индекс качества контента (Content Quality Index)","Сводный показатель, оценивающий качество контента на основе различных метрик (вовлеченность, клики и т.д.).","Ключевой показатель для оценки контентной стратегии."
"Коэффициент использования технологий автоматизации маркетинга (Marketing Automation Technology Utilization Rate)","Процент компаний, использующих технологии автоматизации для повышения эффективности маркетинга.","Важно для оценки зрелости маркетинговых процессов."
"Число взаимодействий с клиентами через мобильные приложения (Mobile App Interaction Count)","Общее количество взаимодействий пользователей с мобильным приложением за определенный период.","Показатель вовлеченности и интереса к мобильной версии."



