Content_Advice,Description,Usage_Examples
"–ò—Å–ø–æ–ª—å–∑—É–π—Ç–µ –∫–æ—Ä–æ—Ç–∫–∏–µ –∏ –ø—Ä–∏–≤–ª–µ–∫–∞—Ç–µ–ª—å–Ω—ã–µ –∑–∞–≥–æ–ª–æ–≤–∫–∏","–ü—Ä–∏–≤–ª–µ–∫–∞—é—Ç –≤–Ω–∏–º–∞–Ω–∏–µ —á–∏—Ç–∞—Ç–µ–ª–µ–π –∏ –ø–æ–≤—ã—à–∞—é—Ç –≤–µ—Ä–æ—è—Ç–Ω–æ—Å—Ç—å –∫–ª–∏–∫–∞.","–ó–∞–≥–æ–ª–æ–≤–æ–∫: '5 —Å–µ–∫—Ä–µ—Ç–æ–≤ —É—Å–ø–µ—à–Ω–æ–≥–æ –±–∏–∑–Ω–µ—Å–∞'."
"–í–∫–ª—é—á–∞–π—Ç–µ –∏–∑–æ–±—Ä–∞–∂–µ–Ω–∏—è –∏ –≤–∏–¥–µ–æ –≤ —Å–≤–æ–∏ –ø–æ—Å—Ç—ã","–ü–æ–≤—ã—à–∞–µ—Ç –≤–æ–≤–ª–µ—á–µ–Ω–Ω–æ—Å—Ç—å –∏ –¥–µ–ª–∞–µ—Ç –∫–æ–Ω—Ç–µ–Ω—Ç –±–æ–ª–µ–µ –ø—Ä–∏–≤–ª–µ–∫–∞—Ç–µ–ª—å–Ω—ã–º.","–î–æ–±–∞–≤–ª–µ–Ω–∏–µ GIF –∏–ª–∏ –∫–æ—Ä–æ—Ç–∫–æ–≥–æ –≤–∏–¥–µ–æ –≤ –ø–æ—Å—Ç –æ –ø—Ä–æ–¥—É–∫—Ç–µ."
"–ü—É–±–ª–∏–∫—É–π—Ç–µ –≤ –æ–¥–Ω–æ –∏ —Ç–æ –∂–µ –≤—Ä–µ–º—è –∫–∞–∂–¥—ã–π –¥–µ–Ω—å","–°–æ–∑–¥–∞–µ—Ç –ø—Ä–∏–≤—ã—á–∫—É —É –≤–∞—à–µ–π –∞—É–¥–∏—Ç–æ—Ä–∏–∏ –∏ —É–≤–µ–ª–∏—á–∏–≤–∞–µ—Ç –∫–æ–ª–∏—á–µ—Å—Ç–≤–æ –ø—Ä–æ—Å–º–æ—Ç—Ä–æ–≤ –∏ –≤–∑–∞–∏–º–æ–¥–µ–π—Å—Ç–≤–∏–π.","–ü—É–±–ª–∏–∫–∞—Ü–∏—è –Ω–æ–≤–æ—Å—Ç–µ–π –∫–∞–∂–¥—ã–π –¥–µ–Ω—å –≤ 10:00."
"–ò—Å–ø–æ–ª—å–∑—É–π—Ç–µ –æ–ø—Ä–æ—Å—ã –∏ –≤–æ–ø—Ä–æ—Å—ã","–í–æ–≤–ª–µ–∫–∞–µ—Ç –∞—É–¥–∏—Ç–æ—Ä–∏—é –∏ –¥–∞–µ—Ç –≤–∞–º –æ–±—Ä–∞—Ç–Ω—É—é —Å–≤—è–∑—å.","–û–ø—Ä–æ—Å: '–ö–∞–∫–æ–π –≤–∞—à –ª—é–±–∏–º—ã–π –ø—Ä–æ–¥—É–∫—Ç –∏–∑ –Ω–∞—à–µ–≥–æ –∞—Å—Å–æ—Ä—Ç–∏–º–µ–Ω—Ç–∞?'"
"–°–æ–∑–¥–∞–π—Ç–µ —É–Ω–∏–∫–∞–ª—å–Ω—ã–π —Å—Ç–∏–ª—å –æ—Ñ–æ—Ä–º–ª–µ–Ω–∏—è –ø–æ—Å—Ç–æ–≤","–í—ã–¥–µ–ª—è–µ—Ç –≤–∞—Å —Å—Ä–µ–¥–∏ –∫–æ–Ω–∫—É—Ä–µ–Ω—Ç–æ–≤ –∏ —Å–æ–∑–¥–∞–µ—Ç —É–∑–Ω–∞–≤–∞–µ–º–æ—Å—Ç—å.","–ò—Å–ø–æ–ª—å–∑–æ–≤–∞–Ω–∏–µ –æ–¥–Ω–æ–≥–æ –∏ —Ç–æ–≥–æ –∂–µ —Ñ–æ–Ω–∞ –∏ —à—Ä–∏—Ñ—Ç–∞ –¥–ª—è –≤—Å–µ—Ö –ø–æ—Å—Ç–æ–≤."
"–î–µ–ª–∏—Ç–µ—Å—å –∞–∫—Ç—É–∞–ª—å–Ω—ã–º–∏ –Ω–æ–≤–æ—Å—Ç—è–º–∏ –∏ —Ç—Ä–µ–Ω–¥–∞–º–∏","–ü–æ–¥–¥–µ—Ä–∂–∏–≤–∞–µ—Ç –∏–Ω—Ç–µ—Ä–µ—Å —á–∏—Ç–∞—Ç–µ–ª–µ–π –∏ –¥–µ–ª–∞–µ—Ç –≤–∞—à –∫–æ–Ω—Ç–µ–Ω—Ç —Å–≤–µ–∂–∏–º –∏ —Ä–µ–ª–µ–≤–∞–Ω—Ç–Ω—ã–º.","–ü–æ—Å—Ç –æ –Ω–æ–≤—ã—Ö —Ç—Ä–µ–Ω–¥–∞—Ö –≤ –∏–Ω–¥—É—Å—Ç—Ä–∏–∏ –º–æ–¥—ã."
"–ò—Å–ø–æ–ª—å–∑—É–π—Ç–µ —ç–º–æ–¥–∑–∏ –¥–ª—è –ø—Ä–∏–¥–∞–Ω–∏—è —ç–º–æ—Ü–∏–æ–Ω–∞–ª—å–Ω–æ–π –æ–∫—Ä–∞—Å–∫–∏","–≠–º–æ–¥–∑–∏ –¥–µ–ª–∞—é—Ç –ø–æ—Å—Ç—ã –±–æ–ª–µ–µ –∂–∏–≤—ã–º–∏ –∏ –ø—Ä–∏–≤–ª–µ–∫–∞—Ç–µ–ª—å–Ω—ã–º–∏.","–î–æ–±–∞–≤–ª–µ–Ω–∏–µ —ç–º–æ–¥–∑–∏ –∫ –∑–∞–≥–æ–ª–æ–≤–∫—É: 'üéâ –°–ø–µ—Ü–∏–∞–ª—å–Ω–æ–µ –ø—Ä–µ–¥–ª–æ–∂–µ–Ω–∏–µ!'"
"–ü—É–±–ª–∏–∫—É–π—Ç–µ –∫–µ–π—Å-—Å—Ç–∞–¥–∏–∏ –∏ –ø—Ä–∏–º–µ—Ä—ã —É—Å–ø–µ—à–Ω—ã—Ö –ø—Ä–æ–µ–∫—Ç–æ–≤","–î–µ–º–æ–Ω—Å—Ç—Ä–∏—Ä—É–µ—Ç –≤–∞—à—É —ç–∫—Å–ø–µ—Ä—Ç–∏–∑—É –∏ –≤—ã–∑—ã–≤–∞–µ—Ç –¥–æ–≤–µ—Ä–∏–µ —É –∞—É–¥–∏—Ç–æ—Ä–∏–∏.","–ö–µ–π—Å –æ —Ç–æ–º, –∫–∞–∫ –≤–∞—à –ø—Ä–æ–¥—É–∫—Ç –ø–æ–º–æ–≥ –∫–ª–∏–µ–Ω—Ç—É."
"–†–µ–≥—É–ª—è—Ä–Ω–æ –ø—Ä–æ–≤–æ–¥–∏—Ç–µ –ø—Ä—è–º—ã–µ —ç—Ñ–∏—Ä—ã –∏–ª–∏ Q&A-—Å–µ—Å—Å–∏–∏","–°–æ–∑–¥–∞–µ—Ç –≤–æ–∑–º–æ–∂–Ω–æ—Å—Ç—å –æ–±—â–∞—Ç—å—Å—è —Å –∞—É–¥–∏—Ç–æ—Ä–∏–µ–π –≤ —Ä–µ–∞–ª—å–Ω–æ–º –≤—Ä–µ–º–µ–Ω–∏ –∏ –ø–æ–≤—ã—à–∞–µ—Ç –≤–æ–≤–ª–µ—á–µ–Ω–Ω–æ—Å—Ç—å.","–ü—Ä—è–º–æ–π —ç—Ñ–∏—Ä —Å —ç–∫—Å–ø–µ—Ä—Ç–æ–º –ø–æ –≤–æ–ø—Ä–æ—Å–∞–º –º–∞—Ä–∫–µ—Ç–∏–Ω–≥–∞."
"–í–∫–ª—é—á–∞–π—Ç–µ –ø—Ä–∏–∑—ã–≤—ã –∫ –¥–µ–π—Å—Ç–≤–∏—é –≤ —Å–≤–æ–∏—Ö –ø–æ—Å—Ç–∞—Ö","–ü–æ–±—É–∂–¥–∞–µ—Ç –ø–æ–ª—å–∑–æ–≤–∞—Ç–µ–ª–µ–π –∫ –≤–∑–∞–∏–º–æ–¥–µ–π—Å—Ç–≤–∏—é —Å –≤–∞—à–∏–º –∫–æ–Ω—Ç–µ–Ω—Ç–æ–º.","–ü—Ä–∏–∑—ã–≤: '–ü–æ–¥–µ–ª–∏—Ç–µ—Å—å —Å–≤–æ–∏–º –º–Ω–µ–Ω–∏–µ–º –≤ –∫–æ–º–º–µ–Ω—Ç–∞—Ä–∏—è—Ö!'"
"–°–æ–∑–¥–∞–≤–∞–π—Ç–µ –∫–æ–Ω—Ç–µ–Ω—Ç, –æ—Ä–∏–µ–Ω—Ç–∏—Ä–æ–≤–∞–Ω–Ω—ã–π –Ω–∞ —Ä–µ—à–µ–Ω–∏–µ –ø—Ä–æ–±–ª–µ–º","–ü–æ–º–æ–≥–∞–µ—Ç –≤–∞—à–µ–π –∞—É–¥–∏—Ç–æ—Ä–∏–∏ –∏ –ø–æ–∫–∞–∑—ã–≤–∞–µ—Ç –≤–∞—à—É —Ü–µ–Ω–Ω–æ—Å—Ç—å.","–ü–æ—Å—Ç —Å —Å–æ–≤–µ—Ç–∞–º–∏ –æ —Ç–æ–º, –∫–∞–∫ —É–ª—É—á—à–∏—Ç—å –ø—Ä–æ–∏–∑–≤–æ–¥–∏—Ç–µ–ª—å–Ω–æ—Å—Ç—å –≤ —Ä–∞–±–æ—Ç–µ."
"–ò—Å–ø–æ–ª—å–∑—É–π—Ç–µ –∏–Ω—Ñ–æ–≥—Ä–∞—Ñ–∏–∫—É –¥–ª—è —É–ø—Ä–æ—â–µ–Ω–∏—è —Å–ª–æ–∂–Ω—ã—Ö —Ç–µ–º","–£–ª—É—á—à–∞–µ—Ç –≤–æ—Å–ø—Ä–∏—è—Ç–∏–µ –∏–Ω—Ñ–æ—Ä–º–∞—Ü–∏–∏ –∏ –¥–µ–ª–∞–µ—Ç –µ–µ –±–æ–ª–µ–µ –¥–æ—Å—Ç—É–ø–Ω–æ–π.","–ò–Ω—Ñ–æ–≥—Ä–∞—Ñ–∏–∫–∞, –æ–±—ä—è—Å–Ω—è—é—â–∞—è, –∫–∞–∫ –≤–∞—à –ø—Ä–æ–¥—É–∫—Ç —Ä–∞–±–æ—Ç–∞–µ—Ç."
"–î–µ–ª–∏—Ç–µ—Å—å –∏—Å—Ç–æ—Ä–∏—è–º–∏ –≤–∞—à–∏—Ö –∫–ª–∏–µ–Ω—Ç–æ–≤","–°–æ–∑–¥–∞–µ—Ç —ç–º–æ—Ü–∏–æ–Ω–∞–ª—å–Ω—É—é —Å–≤—è–∑—å –∏ –ø–æ–≤—ã—à–∞–µ—Ç –¥–æ–≤–µ—Ä–∏–µ –∫ –≤–∞—à–µ–º—É –±—Ä–µ–Ω–¥—É.","–ü–æ—Å—Ç —Å –æ—Ç–∑—ã–≤–∞–º–∏ –¥–æ–≤–æ–ª—å–Ω—ã—Ö –∫–ª–∏–µ–Ω—Ç–æ–≤."
"–ü—É–±–ª–∏–∫—É–π—Ç–µ –∫–æ–Ω—Ç–µ–Ω—Ç —Å –≤–æ–ø—Ä–æ—Å–∞–º–∏","–°–ø–æ—Å–æ–±—Å—Ç–≤—É–µ—Ç –æ–±—Å—É–∂–¥–µ–Ω–∏—é –∏ –≤–æ–≤–ª–µ—á–µ–Ω–Ω–æ—Å—Ç–∏ —á–∏—Ç–∞—Ç–µ–ª–µ–π.","–í–æ–ø—Ä–æ—Å: '–ö–∞–∫–æ–π –≤–∞—à –≥–ª–∞–≤–Ω—ã–π –ø—Ä–∏–æ—Ä–∏—Ç–µ—Ç –Ω–∞ —ç—Ç–æ–π –Ω–µ–¥–µ–ª–µ?'"
"–ò—Å–ø–æ–ª—å–∑—É–π—Ç–µ —Ö—ç—à—Ç–µ–≥–∏ –¥–ª—è –ø–æ–≤—ã—à–µ–Ω–∏—è –≤–∏–¥–∏–º–æ—Å—Ç–∏","–ü–æ–º–æ–≥–∞–µ—Ç –ø—Ä–∏–≤–ª–µ—á—å –Ω–æ–≤—É—é –∞—É–¥–∏—Ç–æ—Ä–∏—é –∏ —É–≤–µ–ª–∏—á–∏—Ç—å –æ—Ö–≤–∞—Ç –ø–æ—Å—Ç–æ–≤.","–•—ç—à—Ç–µ–≥: #–ú–∞—Ä–∫–µ—Ç–∏–Ω–≥–°–æ–≤–µ—Ç—ã."
"–°–æ–∑–¥–∞–≤–∞–π—Ç–µ –∫–æ–Ω—Ç–µ–Ω—Ç, –∫–æ—Ç–æ—Ä—ã–π –≤—ã–∑—ã–≤–∞–µ—Ç —ç–º–æ—Ü–∏–∏","–≠–º–æ—Ü–∏–æ–Ω–∞–ª—å–Ω—ã–π –∫–æ–Ω—Ç–µ–Ω—Ç –≤—ã–∑—ã–≤–∞–µ—Ç –±–æ–ª—å—à–∏–π –æ—Ç–∫–ª–∏–∫ —É –∞—É–¥–∏—Ç–æ—Ä–∏–∏.","–ò—Å—Ç–æ—Ä–∏—è –æ —Ç–æ–º, –∫–∞–∫ –≤–∞—à –ø—Ä–æ–¥—É–∫—Ç –∏–∑–º–µ–Ω–∏–ª –∂–∏–∑–Ω—å –∫–ª–∏–µ–Ω—Ç–∞."
"–î–µ–ª–∏—Ç–µ—Å—å –ø–æ–ª—å–∑–æ–≤–∞—Ç–µ–ª—å—Å–∫–∏–º –∫–æ–Ω—Ç–µ–Ω—Ç–æ–º (UGC)","–°–æ–∑–¥–∞–µ—Ç —Å–æ–æ–±—â–µ—Å—Ç–≤–æ –∏ –ø–æ–≤—ã—à–∞–µ—Ç –¥–æ–≤–µ—Ä–∏–µ –∫ –≤–∞—à–µ–º—É –±—Ä–µ–Ω–¥—É.","–ü—É–±–ª–∏–∫–∞—Ü–∏—è —Ñ–æ—Ç–æ –∫–ª–∏–µ–Ω—Ç–æ–≤ —Å –≤–∞—à–∏–º –ø—Ä–æ–¥—É–∫—Ç–æ–º."
"–≠–∫—Å–ø–µ—Ä–∏–º–µ–Ω—Ç–∏—Ä—É–π—Ç–µ —Å —Ä–∞–∑–Ω—ã–º–∏ —Ñ–æ—Ä–º–∞—Ç–∞–º–∏ –∫–æ–Ω—Ç–µ–Ω—Ç–∞","–ü—Ä–∏–≤–ª–µ–∫–∞–µ—Ç —Ä–∞–∑–ª–∏—á–Ω—ã–µ –∞—É–¥–∏—Ç–æ—Ä–∏–∏ –∏ —É–≤–µ–ª–∏—á–∏–≤–∞–µ—Ç –≤–æ–≤–ª–µ—á–µ–Ω–Ω–æ—Å—Ç—å.","–ü—É–±–ª–∏–∫–∞—Ü–∏—è —Å—Ç–∞—Ç–µ–π, –≤–∏–¥–µ–æ –∏ –ø–æ–¥–∫–∞—Å—Ç–æ–≤ –Ω–∞ –æ–¥–Ω–æ–π –ø–ª–∞—Ç—Ñ–æ—Ä–º–µ."
"–ü—É–±–ª–∏–∫—É–π—Ç–µ —Å–æ–≤–µ—Ç—ã –∏ –ª–∞–π—Ñ—Ö–∞–∫–∏","–ü–æ–º–æ–≥–∞–µ—Ç –≤–∞—à–µ–π –∞—É–¥–∏—Ç–æ—Ä–∏–∏ –≤ –ø–æ–≤—Å–µ–¥–Ω–µ–≤–Ω–æ–π –∂–∏–∑–Ω–∏ –∏ –ø–æ–≤—ã—à–∞–µ—Ç –≤–∞—à—É —Ü–µ–Ω–Ω–æ—Å—Ç—å.","–ü–æ—Å—Ç —Å 10 –ª–∞–π—Ñ—Ö–∞–∫–∞–º–∏ –ø–æ –∏—Å–ø–æ–ª—å–∑–æ–≤–∞–Ω–∏—é –≤–∞—à–µ–≥–æ –ø—Ä–æ–¥—É–∫—Ç–∞."
"–°–ª–µ–¥–∏—Ç–µ –∑–∞ –∞–Ω–∞–ª–∏—Ç–∏–∫–æ–π –≤–∞—à–∏—Ö –ø–æ—Å—Ç–æ–≤","–ü–æ–∑–≤–æ–ª—è–µ—Ç –≤—ã—è–≤–ª—è—Ç—å —É—Å–ø–µ—à–Ω—ã–µ —Ñ–æ—Ä–º–∞—Ç—ã –∏ —Ç–µ–º—ã –¥–ª—è –±—É–¥—É—â–µ–≥–æ –∫–æ–Ω—Ç–µ–Ω—Ç–∞.","–ê–Ω–∞–ª–∏–∑ —Å—Ç–∞—Ç–∏—Å—Ç–∏–∫–∏ –≤–æ–≤–ª–µ—á–µ–Ω–Ω–æ—Å—Ç–∏ –∑–∞ –ø–æ—Å–ª–µ–¥–Ω–∏–π –º–µ—Å—è—Ü."
"–°—Ç—Ä–æ–π—Ç–µ –∫–æ–Ω—Ç–µ–Ω—Ç –≤–æ–∫—Ä—É–≥ –∏–Ω—Ç–µ—Ä–µ—Å–æ–≤ –≤–∞—à–µ–π –∞—É–¥–∏—Ç–æ—Ä–∏–∏","–ò–∑—É—á–∞–π—Ç–µ –ø—Ä–µ–¥–ø–æ—á—Ç–µ–Ω–∏—è –≤–∞—à–µ–π –∞—É–¥–∏—Ç–æ—Ä–∏–∏ –∏ —Å–æ–∑–¥–∞–≤–∞–π—Ç–µ –∫–æ–Ω—Ç–µ–Ω—Ç, –∫–æ—Ç–æ—Ä—ã–π —Å–æ–æ—Ç–≤–µ—Ç—Å—Ç–≤—É–µ—Ç –∏—Ö –∏–Ω—Ç–µ—Ä–µ—Å–∞–º.","–ü–æ—Å—Ç—ã –æ –Ω–æ–≤—ã—Ö —Ç–µ—Ö–Ω–æ–ª–æ–≥–∏—è—Ö –¥–ª—è IT-–ø—Ä–æ—Ñ–µ—Å—Å–∏–æ–Ω–∞–ª–æ–≤."
"–ò—Å–ø–æ–ª—å–∑—É–π—Ç–µ storytelling","–†–∞—Å—Å–∫–∞–∑—ã–≤–∞–π—Ç–µ –∏—Å—Ç–æ—Ä–∏–∏, —á—Ç–æ–±—ã —Å–¥–µ–ª–∞—Ç—å –≤–∞—à –∫–æ–Ω—Ç–µ–Ω—Ç –±–æ–ª–µ–µ —É–≤–ª–µ–∫–∞—Ç–µ–ª—å–Ω—ã–º –∏ –∑–∞–ø–æ–º–∏–Ω–∞—é—â–∏–º—Å—è.","–ò—Å—Ç–æ—Ä–∏—è –æ —Ç–æ–º, –∫–∞–∫ –≤–∞—à –ø—Ä–æ–¥—É–∫—Ç –ø–æ–º–æ–≥ –∏–∑–º–µ–Ω–∏—Ç—å –∂–∏–∑–Ω—å –∫–ª–∏–µ–Ω—Ç–∞."
"–°–æ–∑–¥–∞–≤–∞–π—Ç–µ –∫–æ–Ω—Ç–µ–Ω—Ç —Å —É—á–µ—Ç–æ–º SEO","–û–ø—Ç–∏–º–∏–∑–∏—Ä—É–π—Ç–µ —Å–≤–æ–∏ –ø–æ—Å—Ç—ã –¥–ª—è –ø–æ–∏—Å–∫–æ–≤—ã—Ö —Å–∏—Å—Ç–µ–º, —á—Ç–æ–±—ã –ø–æ–≤—ã—Å–∏—Ç—å –≤–∏–¥–∏–º–æ—Å—Ç—å.","–ò—Å–ø–æ–ª—å–∑–æ–≤–∞–Ω–∏–µ –∫–ª—é—á–µ–≤—ã—Ö —Å–ª–æ–≤, –º–µ—Ç–∞—Ç–µ–≥–æ–≤ –∏ –æ–ø–∏—Å–∞–Ω–∏–π."
"–ü—É–±–ª–∏–∫—É–π—Ç–µ –∫–æ–Ω—Ç–µ–Ω—Ç, –∫–æ—Ç–æ—Ä—ã–π –æ—Ç–≤–µ—á–∞–µ—Ç –Ω–∞ —á–∞—Å—Ç–æ –∑–∞–¥–∞–≤–∞–µ–º—ã–µ –≤–æ–ø—Ä–æ—Å—ã","–ü–æ–º–æ–≥–∞–µ—Ç –≤–∞—à–µ–π –∞—É–¥–∏—Ç–æ—Ä–∏–∏ –Ω–∞—Ö–æ–¥–∏—Ç—å –Ω—É–∂–Ω—É—é –∏–Ω—Ñ–æ—Ä–º–∞—Ü–∏—é –∏ –ø–æ–≤—ã—à–∞–µ—Ç –¥–æ–≤–µ—Ä–∏–µ.","–ü–æ—Å—Ç —Å –æ—Ç–≤–µ—Ç–∞–º–∏ –Ω–∞ –≤–æ–ø—Ä–æ—Å—ã –æ –≤–∞—à–µ–º –ø—Ä–æ–¥—É–∫—Ç–µ."
"–í–∑–∞–∏–º–æ–¥–µ–π—Å—Ç–≤—É–π—Ç–µ —Å –≤–∞—à–µ–π –∞—É–¥–∏—Ç–æ—Ä–∏–µ–π –≤ –∫–æ–º–º–µ–Ω—Ç–∞—Ä–∏—è—Ö","–û—Ç–≤–µ—á–∞–π—Ç–µ –Ω–∞ –∫–æ–º–º–µ–Ω—Ç–∞—Ä–∏–∏ –∏ –≤–æ–ø—Ä–æ—Å—ã, —á—Ç–æ–±—ã —Å–æ–∑–¥–∞—Ç—å —Å–æ–æ–±—â–µ—Å—Ç–≤–æ –∏ –ø–æ–≤—ã—Å–∏—Ç—å –≤–æ–≤–ª–µ—á–µ–Ω–Ω–æ—Å—Ç—å.","–û—Ç–≤–µ—Ç—å—Ç–µ –Ω–∞ –≤—Å–µ –∫–æ–º–º–µ–Ω—Ç–∞—Ä–∏–∏ –ø–æ–¥ –ø–æ—Å—Ç–æ–º."
"–ò—Å–ø–æ–ª—å–∑—É–π—Ç–µ –∫–æ–Ω—Ç–µ–Ω—Ç –Ω–∞ –Ω–µ—Å–∫–æ–ª—å–∫–∏—Ö –ø–ª–∞—Ç—Ñ–æ—Ä–º–∞—Ö","–†–∞—Å–ø—Ä–µ–¥–µ–ª—è–π—Ç–µ —Å–≤–æ–π –∫–æ–Ω—Ç–µ–Ω—Ç –Ω–∞ —Ä–∞–∑–Ω—ã—Ö –ø–ª–∞—Ç—Ñ–æ—Ä–º–∞—Ö –¥–ª—è –º–∞–∫—Å–∏–º–∞–ª—å–Ω–æ–≥–æ –æ—Ö–≤–∞—Ç–∞.","–ü—É–±–ª–∏–∫–∞—Ü–∏—è –æ–¥–Ω–æ–≥–æ –∏ —Ç–æ–≥–æ –∂–µ –ø–æ—Å—Ç–∞ –≤ Instagram, Facebook –∏ Telegram."
"–°–æ–∑–¥–∞–≤–∞–π—Ç–µ –∫–æ–Ω—Ç–µ–Ω—Ç —Å —É—á–µ—Ç–æ–º –º–æ–±–∏–ª—å–Ω–æ–≥–æ —Ñ–æ—Ä–º–∞—Ç–∞","–û–ø—Ç–∏–º–∏–∑–∏—Ä—É–π—Ç–µ —Å–≤–æ–π –∫–æ–Ω—Ç–µ–Ω—Ç –¥–ª—è –º–æ–±–∏–ª—å–Ω—ã—Ö —É—Å—Ç—Ä–æ–π—Å—Ç–≤, —á—Ç–æ–±—ã —É–ª—É—á—à–∏—Ç—å –ø–æ–ª—å–∑–æ–≤–∞—Ç–µ–ª—å—Å–∫–∏–π –æ–ø—ã—Ç.","–ö–æ—Ä–æ—Ç–∫–∏–µ –ø–æ—Å—Ç—ã –∏ –∞–¥–∞–ø—Ç–∏–≤–Ω—ã–µ –∏–∑–æ–±—Ä–∞–∂–µ–Ω–∏—è –¥–ª—è –º–æ–±–∏–ª—å–Ω—ã—Ö –ø–æ–ª—å–∑–æ–≤–∞—Ç–µ–ª–µ–π."
"–ü—É–±–ª–∏–∫—É–π—Ç–µ –∑–∞ –∫—É–ª–∏—Å–∞–º–∏ –≤–∞—à–µ–≥–æ –±–∏–∑–Ω–µ—Å–∞","–î–µ–ª–∏—Ç–µ—Å—å –∑–∞–∫—É–ª–∏—Å–Ω—ã–º–∏ –º–æ–º–µ–Ω—Ç–∞–º–∏, —á—Ç–æ–±—ã —Å–¥–µ–ª–∞—Ç—å –≤–∞—à –±—Ä–µ–Ω–¥ –±–æ–ª–µ–µ —á–µ–ª–æ–≤–µ—á–Ω—ã–º.","–§–æ—Ç–æ —Å–æ—Ç—Ä—É–¥–Ω–∏–∫–æ–≤ –Ω–∞ —Ä–∞–±–æ—á–µ–º –º–µ—Å—Ç–µ –∏–ª–∏ –ø—Ä–æ—Ü–µ—Å—Å —Å–æ–∑–¥–∞–Ω–∏—è –ø—Ä–æ–¥—É–∫—Ç–∞."
"–°–æ–∑–¥–∞–≤–∞–π—Ç–µ —Å–µ—Ä–∏–∏ –ø–æ—Å—Ç–æ–≤","–†–∞–∑–¥–µ–ª–∏—Ç–µ –¥–ª–∏–Ω–Ω—ã–µ —Ç–µ–º—ã –Ω–∞ —Å–µ—Ä–∏–∏ –ø–æ—Å—Ç–æ–≤ –¥–ª—è –ø–æ–¥–¥–µ—Ä–∂–∞–Ω–∏—è –∏–Ω—Ç–µ—Ä–µ—Å–∞ –∏ –±–æ–ª–µ–µ –≥–ª—É–±–æ–∫–æ–≥–æ –∏–∑—É—á–µ–Ω–∏—è.","–°–µ—Ä–∏—è –ø–æ—Å—Ç–æ–≤ –æ —Ç–æ–º, –∫–∞–∫ –∏—Å–ø–æ–ª—å–∑–æ–≤–∞—Ç—å –≤–∞—à –ø—Ä–æ–¥—É–∫—Ç."
"–í–∫–ª—é—á–∞–π—Ç–µ –ø–æ–ª—å–∑–æ–≤–∞—Ç–µ–ª—å—Å–∫–∏–µ –æ—Ç–∑—ã–≤—ã –≤ –∫–æ–Ω—Ç–µ–Ω—Ç","–ò—Å–ø–æ–ª—å–∑—É–π—Ç–µ –æ—Ç–∑—ã–≤—ã –∫–ª–∏–µ–Ω—Ç–æ–≤ –∫–∞–∫ –¥–æ–∫–∞–∑–∞—Ç–µ–ª—å—Å—Ç–≤–æ –∫–∞—á–µ—Å—Ç–≤–∞ –≤–∞—à–µ–≥–æ –ø—Ä–æ–¥—É–∫—Ç–∞.","–ü–æ—Å—Ç —Å —Ü–∏—Ç–∞—Ç–∞–º–∏ –¥–æ–≤–æ–ª—å–Ω—ã—Ö –∫–ª–∏–µ–Ω—Ç–æ–≤."
"–ü—Ä–æ–≤–µ–¥–∏—Ç–µ –∫–æ–Ω–∫—É—Ä—Å –∏–ª–∏ —Ä–æ–∑—ã–≥—Ä—ã—à","–°–æ–∑–¥–∞–π—Ç–µ –∞–∫—Ç–∏–≤–Ω–æ—Å—Ç—å –≤–æ–∫—Ä—É–≥ –≤–∞—à–µ–≥–æ –∫–æ–Ω—Ç–µ–Ω—Ç–∞ –∏ –≤–æ–≤–ª–µ–∫–∏—Ç–µ –∞—É–¥–∏—Ç–æ—Ä–∏—é –≤ —É—á–∞—Å—Ç–∏–µ.","–ö–æ–Ω–∫—É—Ä—Å –Ω–∞ –ª—É—á—à–∏–π –ø–æ—Å—Ç —Å –≤–∞—à–∏–º –ø—Ä–æ–¥—É–∫—Ç–æ–º —Å –ø—Ä–∏–∑–∞–º–∏."
"–ò—Å–ø–æ–ª—å–∑—É–π—Ç–µ –∞–∫—Ç—É–∞–ª—å–Ω—ã–µ —Ç–µ–º—ã –∏ —Å–æ–±—ã—Ç–∏—è","–°–æ–∑–¥–∞–≤–∞–π—Ç–µ –∫–æ–Ω—Ç–µ–Ω—Ç, —Å–≤—è–∑–∞–Ω–Ω—ã–π —Å —Ç–µ–∫—É—â–∏–º–∏ —Å–æ–±—ã—Ç–∏—è–º–∏ –∏–ª–∏ —Ç—Ä–µ–Ω–¥–∞–º–∏, —á—Ç–æ–±—ã –ø—Ä–∏–≤–ª–µ—á—å –≤–Ω–∏–º–∞–Ω–∏–µ.","–ü–æ—Å—Ç –æ —Ç–æ–º, –∫–∞–∫ –≤–∞—à –ø—Ä–æ–¥—É–∫—Ç –ø–æ–º–æ–≥–∞–µ—Ç –≤ —É—Å–ª–æ–≤–∏—è—Ö –ø–∞–Ω–¥–µ–º–∏–∏."
"–ü—É–±–ª–∏–∫—É–π—Ç–µ –∫–æ–Ω—Ç–µ–Ω—Ç —Å –∏–Ω—Ñ–æ–≥—Ä–∞—Ñ–∏–∫–æ–π","–ò—Å–ø–æ–ª—å–∑—É–π—Ç–µ –≤–∏–∑—É–∞–ª—å–Ω—ã–µ —ç–ª–µ–º–µ–Ω—Ç—ã –¥–ª—è —É–ø—Ä–æ—â–µ–Ω–∏—è –≤–æ—Å–ø—Ä–∏—è—Ç–∏—è –∏–Ω—Ñ–æ—Ä–º–∞—Ü–∏–∏ –∏ –ø–æ–≤—ã—à–µ–Ω–∏—è –≤–æ–≤–ª–µ—á–µ–Ω–Ω–æ—Å—Ç–∏.","–ò–Ω—Ñ–æ–≥—Ä–∞—Ñ–∏–∫–∞ –æ –ø—Ä–µ–∏–º—É—â–µ—Å—Ç–≤–∞—Ö –≤–∞—à–µ–≥–æ –ø—Ä–æ–¥—É–∫—Ç–∞."
"–°–æ–∑–¥–∞–≤–∞–π—Ç–µ –∫–æ–Ω—Ç–µ–Ω—Ç –Ω–∞ –æ—Å–Ω–æ–≤–µ –¥–∞–Ω–Ω—ã—Ö –∏ –∏—Å—Å–ª–µ–¥–æ–≤–∞–Ω–∏–π","–ò—Å–ø–æ–ª—å–∑—É–π—Ç–µ —Ñ–∞–∫—Ç—ã –∏ —Å—Ç–∞—Ç–∏—Å—Ç–∏–∫—É –¥–ª—è —Å–æ–∑–¥–∞–Ω–∏—è –∏–Ω—Ñ–æ—Ä–º–∞—Ç–∏–≤–Ω–æ–≥–æ –∏ –∞–≤—Ç–æ—Ä–∏—Ç–µ—Ç–Ω–æ–≥–æ –∫–æ–Ω—Ç–µ–Ω—Ç–∞.","–ü–æ—Å—Ç –Ω–∞ –æ—Å–Ω–æ–≤–µ –∏—Å—Å–ª–µ–¥–æ–≤–∞–Ω–∏—è –æ –ø–æ—Ç—Ä–µ–±–∏—Ç–µ–ª—å—Å–∫–∏—Ö –ø—Ä–µ–¥–ø–æ—á—Ç–µ–Ω–∏—è—Ö."
"–î–µ–ª–∏—Ç–µ—Å—å –ø–æ–ª–µ–∑–Ω—ã–º–∏ —Ä–µ—Å—É—Ä—Å–∞–º–∏","–ü—Ä–µ–¥–æ—Å—Ç–∞–≤–ª—è–π—Ç–µ —Å—Å—ã–ª–∫–∏ –Ω–∞ –ø–æ–ª–µ–∑–Ω—ã–µ —Å—Ç–∞—Ç—å–∏, –≤–∏–¥–µ–æ –∏–ª–∏ –∏–Ω—Å—Ç—Ä—É–º–µ–Ω—Ç—ã –¥–ª—è –≤–∞—à–µ–π –∞—É–¥–∏—Ç–æ—Ä–∏–∏.","–°–ø–∏—Å–æ–∫ –ø–æ–ª–µ–∑–Ω—ã—Ö —Ä–µ—Å—É—Ä—Å–æ–≤ –¥–ª—è –Ω–∞—á–∏–Ω–∞—é—â–∏—Ö –ø—Ä–µ–¥–ø—Ä–∏–Ω–∏–º–∞—Ç–µ–ª–µ–π."
"–ò—Å–ø–æ–ª—å–∑—É–π—Ç–µ —é–º–æ—Ä –¥–ª—è –ø—Ä–∏–≤–ª–µ—á–µ–Ω–∏—è –≤–Ω–∏–º–∞–Ω–∏—è","–î–æ–±–∞–≤—å—Ç–µ —ç–ª–µ–º–µ–Ω—Ç—ã —é–º–æ—Ä–∞, —á—Ç–æ–±—ã —Å–¥–µ–ª–∞—Ç—å –∫–æ–Ω—Ç–µ–Ω—Ç –±–æ–ª–µ–µ –∑–∞–ø–æ–º–∏–Ω–∞—é—â–∏–º—Å—è –∏ –ø—Ä–∏—è—Ç–Ω—ã–º –¥–ª—è —á—Ç–µ–Ω–∏—è.","–®—É—Ç–∫–∏ –∏–ª–∏ –º–µ–º—ã, —Å–≤—è–∑–∞–Ω–Ω—ã–µ —Å –≤–∞—à–∏–º –ø—Ä–æ–¥—É–∫—Ç–æ–º."
"–°–æ–∑–¥–∞–≤–∞–π—Ç–µ –∫–æ–Ω—Ç–µ–Ω—Ç, –∫–æ—Ç–æ—Ä—ã–π —Å–ø–æ—Å–æ–±—Å—Ç–≤—É–µ—Ç –æ–±—Å—É–∂–¥–µ–Ω–∏—é","–ü–æ–≤—ã—à–∞–π—Ç–µ –≤–æ–≤–ª–µ—á–µ–Ω–Ω–æ—Å—Ç—å, –∑–∞–¥–∞–≤–∞—è –æ—Ç–∫—Ä—ã—Ç—ã–µ –≤–æ–ø—Ä–æ—Å—ã –∏–ª–∏ –ø—Ä–æ–≤–æ–∫–∞—Ü–∏–∏.","–ü–æ—Å—Ç: '–ö–∞–∫ –≤—ã –æ—Ç–Ω–æ—Å–∏—Ç–µ—Å—å –∫ –Ω–æ–≤–æ–≤–≤–µ–¥–µ–Ω–∏—é –≤ –Ω–∞—à–µ–π –æ–±–ª–∞—Å—Ç–∏?'"
"–í–∫–ª—é—á–∏—Ç–µ –ø–æ–±—É–∂–¥–µ–Ω–∏–µ –∫ –¥–µ–π—Å—Ç–≤–∏—é –≤ –∫–æ–Ω—Ü–µ –∫–∞–∂–¥–æ–≥–æ –ø–æ—Å—Ç–∞","–ó–∞–∫–∞–Ω—á–∏–≤–∞–π—Ç–µ –∫–∞–∂–¥—ã–π –ø–æ—Å—Ç –ø—Ä–∏–∑—ã–≤–æ–º –∫ –¥–µ–π—Å—Ç–≤–∏—é –¥–ª—è –ø–æ–≤—ã—à–µ–Ω–∏—è –≤–æ–≤–ª–µ—á–µ–Ω–Ω–æ—Å—Ç–∏.","–ü—Ä–∏–∑—ã–≤: '–ü–æ–¥–µ–ª–∏—Ç–µ—Å—å —Å–≤–æ–∏–º –æ–ø—ã—Ç–æ–º –≤ –∫–æ–º–º–µ–Ω—Ç–∞—Ä–∏—è—Ö!'"
"–ü—É–±–ª–∏–∫—É–π—Ç–µ –≤ —Ä–∞–∑–Ω—ã—Ö —Ñ–æ—Ä–º–∞—Ç–∞—Ö","–ò—Å–ø–æ–ª—å–∑—É–π—Ç–µ —Ç–µ–∫—Å—Ç, –∏–∑–æ–±—Ä–∞–∂–µ–Ω–∏—è, –≤–∏–¥–µ–æ –∏ –∞—É–¥–∏–æ –¥–ª—è —Ä–∞–∑–Ω–æ–æ–±—Ä–∞–∑–∏—è –∫–æ–Ω—Ç–µ–Ω—Ç–∞.","–°–æ–∑–¥–∞–Ω–∏–µ –ø–æ—Å—Ç–æ–≤ —Å –≤–∏–¥–µ–æ–∏–Ω—Å—Ç—Ä—É–∫—Ü–∏—è–º–∏ –∏ —Ç–µ–∫—Å—Ç–æ–≤—ã–º–∏ –æ–ø–∏—Å–∞–Ω–∏—è–º–∏."
"–°–æ–∑–¥–∞–≤–∞–π—Ç–µ –∫–æ–Ω—Ç–µ–Ω—Ç, –∫–æ—Ç–æ—Ä—ã–π –ø–æ–¥—Ö–æ–¥–∏—Ç –ø–æ–¥ —Ä–∞–∑–Ω—ã–µ —ç—Ç–∞–ø—ã –≤–æ—Ä–æ–Ω–∫–∏ –ø—Ä–æ–¥–∞–∂","–†–∞–∑—Ä–∞–±–æ—Ç–∞–π—Ç–µ –∫–æ–Ω—Ç–µ–Ω—Ç –¥–ª—è —Ä–∞–∑–ª–∏—á–Ω—ã—Ö —Å—Ç–∞–¥–∏–π –ø—É—Ç–∏ –∫–ª–∏–µ–Ω—Ç–∞, –æ—Ç –æ—Å–≤–µ–¥–æ–º–ª–µ–Ω–Ω–æ—Å—Ç–∏ –¥–æ –ø—Ä–∏–Ω—è—Ç–∏—è —Ä–µ—à–µ–Ω–∏—è.","–ü–æ—Å—Ç—ã —Å –∏–Ω—Ñ–æ—Ä–º–∞—Ü–∏–µ–π –æ –ø—Ä–æ–¥—É–∫—Ç–µ –∏ –æ—Ç–∑—ã–≤—ã –ø–æ–ª—å–∑–æ–≤–∞—Ç–µ–ª–µ–π."
"–°–ª–µ–¥–∏—Ç–µ –∑–∞ –∫–æ–Ω–∫—É—Ä–µ–Ω—Ç–∞–º–∏ –∏ –∞–¥–∞–ø—Ç–∏—Ä—É–π—Ç–µ —Å–≤–æ–π –∫–æ–Ω—Ç–µ–Ω—Ç","–ò–∑—É—á–∞–π—Ç–µ –∫–æ–Ω—Ç–µ–Ω—Ç –∫–æ–Ω–∫—É—Ä–µ–Ω—Ç–æ–≤ –∏ —É—á–∏—Ç–µ—Å—å –Ω–∞ –∏—Ö —É—Å–ø–µ—Ö–∞—Ö –∏ –æ—à–∏–±–∫–∞—Ö.","–ê–Ω–∞–ª–∏–∑ —É—Å–ø–µ—à–Ω—ã—Ö –ø–æ—Å—Ç–æ–≤ —É –∫–æ–Ω–∫—É—Ä–µ–Ω—Ç–æ–≤ –∏ –∏—Å–ø–æ–ª—å–∑–æ–≤–∞–Ω–∏–µ –∏—Ö –∏–¥–µ–π."
"–ò—Å–ø–æ–ª—å–∑—É–π—Ç–µ –ª–æ–∫–∞–ª–∏–∑–∞—Ü–∏—é –≤ –∫–æ–Ω—Ç–µ–Ω—Ç–µ","–ê–¥–∞–ø—Ç–∏—Ä—É–π—Ç–µ –∫–æ–Ω—Ç–µ–Ω—Ç –ø–æ–¥ –º–µ—Å—Ç–Ω—ã–µ –æ—Å–æ–±–µ–Ω–Ω–æ—Å—Ç–∏ –∏ –∫—É–ª—å—Ç—É—Ä—É –≤–∞—à–µ–π –∞—É–¥–∏—Ç–æ—Ä–∏–∏.","–ü–æ—Å—Ç—ã —Å —É—á–µ—Ç–æ–º –º–µ—Å—Ç–Ω—ã—Ö –ø—Ä–∞–∑–¥–Ω–∏–∫–æ–≤ –∏ —Ç—Ä–∞–¥–∏—Ü–∏–π."
"–°–æ–∑–¥–∞–≤–∞–π—Ç–µ –∫–æ–Ω—Ç–µ–Ω—Ç —Å —É—á–µ—Ç–æ–º —Ä–∞–∑–ª–∏—á–Ω—ã—Ö —Ç–∏–ø–æ–≤ –∞—É–¥–∏—Ç–æ—Ä–∏–∏","–£—á–∏—Ç—ã–≤–∞–π—Ç–µ –∏–Ω—Ç–µ—Ä–µ—Å—ã –∏ –ø—Ä–µ–¥–ø–æ—á—Ç–µ–Ω–∏—è —Ä–∞–∑–Ω—ã—Ö —Å–µ–≥–º–µ–Ω—Ç–æ–≤ –≤–∞—à–µ–π –∞—É–¥–∏—Ç–æ—Ä–∏–∏.","–†–∞–∑–¥–µ–ª–µ–Ω–∏–µ –∫–æ–Ω—Ç–µ–Ω—Ç–∞ –Ω–∞ –∫–∞—Ç–µ–≥–æ—Ä–∏–∏ –¥–ª—è –ø–æ–¥—Ä–æ—Å—Ç–∫–æ–≤, –≤–∑—Ä–æ—Å–ª—ã—Ö –∏ –ø—Ä–æ—Ñ–µ—Å—Å–∏–æ–Ω–∞–ª–æ–≤."
"–ü—É–±–ª–∏–∫—É–π—Ç–µ –∫–æ–Ω—Ç–µ–Ω—Ç —Å –≤–æ–ø—Ä–æ—Å–∞–º–∏ –∏ –æ–ø—Ä–æ—Å–∞–º–∏","–ò—Å–ø–æ–ª—å–∑—É–π—Ç–µ –∏–Ω—Ç–µ—Ä–∞–∫—Ç–∏–≤–Ω—ã–µ —ç–ª–µ–º–µ–Ω—Ç—ã –¥–ª—è –≤–æ–≤–ª–µ—á–µ–Ω–∏—è –∞—É–¥–∏—Ç–æ—Ä–∏–∏ –∏ –ø–æ–ª—É—á–µ–Ω–∏—è –æ–±—Ä–∞—Ç–Ω–æ–π —Å–≤—è–∑–∏.","–û–ø—Ä–æ—Å: '–ö–∞–∫–æ–π –≤–∞—à –ª—é–±–∏–º—ã–π –ø—Ä–æ–¥—É–∫—Ç –∏–∑ –Ω–∞—à–µ–≥–æ –∞—Å—Å–æ—Ä—Ç–∏–º–µ–Ω—Ç–∞?'"
"–ò—Å–ø–æ–ª—å–∑—É–π—Ç–µ –≤–∏–¥–µ–æ–∫–æ–Ω—Ç–µ–Ω—Ç –¥–ª—è –æ–±—É—á–µ–Ω–∏—è","–°–æ–∑–¥–∞–≤–∞–π—Ç–µ –æ–±—É—á–∞—é—â–∏–µ –≤–∏–¥–µ–æ, —á—Ç–æ–±—ã –ø—Ä–æ–¥–µ–º–æ–Ω—Å—Ç—Ä–∏—Ä–æ–≤–∞—Ç—å, –∫–∞–∫ –∏—Å–ø–æ–ª—å–∑–æ–≤–∞—Ç—å –≤–∞—à –ø—Ä–æ–¥—É–∫—Ç.","–í–∏–¥–µ–æ—É—Ä–æ–∫–∏ –æ —Ç–æ–º, –∫–∞–∫ —É—Å—Ç–∞–Ω–æ–≤–∏—Ç—å –∏ –∏—Å–ø–æ–ª—å–∑–æ–≤–∞—Ç—å –ø—Ä–æ–≥—Ä–∞–º–º—É."
"–ü—É–±–ª–∏–∫—É–π—Ç–µ –∫–æ–Ω—Ç–µ–Ω—Ç –æ –≤–∞—à–µ–π –∫–æ–º–∞–Ω–¥–µ","–ó–Ω–∞–∫–æ–º—å—Ç–µ –≤–∞—à—É –∞—É–¥–∏—Ç–æ—Ä–∏—é —Å –∫–æ–º–∞–Ω–¥–æ–π, —á—Ç–æ–±—ã —Å–æ–∑–¥–∞—Ç—å –ª–∏—á–Ω—É—é —Å–≤—è–∑—å.","–ü–æ—Å—Ç—ã —Å —Ñ–æ—Ç–æ –∏ –±–∏–æ–≥—Ä–∞—Ñ–∏—è–º–∏ —Å–æ—Ç—Ä—É–¥–Ω–∏–∫–æ–≤."
"–°–æ–∑–¥–∞–≤–∞–π—Ç–µ –∫–æ–Ω—Ç–µ–Ω—Ç, –∫–æ—Ç–æ—Ä—ã–π –≤—ã–∑—ã–≤–∞–µ—Ç –Ω–æ—Å—Ç–∞–ª—å–≥–∏—é","–ò—Å–ø–æ–ª—å–∑—É–π—Ç–µ –Ω–æ—Å—Ç–∞–ª—å–≥–∏—á–µ—Å–∫–∏–µ —ç–ª–µ–º–µ–Ω—Ç—ã, —á—Ç–æ–±—ã –≤—ã–∑–≤–∞—Ç—å –ø–æ–ª–æ–∂–∏—Ç–µ–ª—å–Ω—ã–µ —ç–º–æ—Ü–∏–∏ —É –≤–∞—à–µ–π –∞—É–¥–∏—Ç–æ—Ä–∏–∏.","–ü–æ—Å—Ç—ã –æ –ø–æ–ø—É–ª—è—Ä–Ω—ã—Ö —Ç—Ä–µ–Ω–¥–∞—Ö –∏–∑ 90-—Ö."
"–ò—Å–ø–æ–ª—å–∑—É–π—Ç–µ –∞–Ω–µ–∫–¥–æ—Ç—ã –∏ –∏—Å—Ç–æ—Ä–∏–∏ –∏–∑ —Ä–µ–∞–ª—å–Ω–æ–π –∂–∏–∑–Ω–∏","–†–∞—Å—Å–∫–∞–∑—ã–≤–∞–π—Ç–µ –æ —Ä–µ–∞–ª—å–Ω—ã—Ö —Å–ª—É—á–∞—è—Ö, —á—Ç–æ–±—ã —Å–¥–µ–ª–∞—Ç—å –∫–æ–Ω—Ç–µ–Ω—Ç –±–æ–ª–µ–µ —á–µ–ª–æ–≤–µ—á–Ω—ã–º.","–ò—Å—Ç–æ—Ä–∏—è –æ —Ç–æ–º, –∫–∞–∫ –≤–∞—à –ø—Ä–æ–¥—É–∫—Ç –ø–æ–º–æ–≥ —Ä–µ—à–∏—Ç—å –ø—Ä–æ–±–ª–µ–º—É –∫–ª–∏–µ–Ω—Ç–∞."
"–ü—É–±–ª–∏–∫—É–π—Ç–µ —Å–æ–≤–µ—Ç—ã –ø–æ —É–ª—É—á—à–µ–Ω–∏—é –∂–∏–∑–Ω–∏","–°–æ–∑–¥–∞–≤–∞–π—Ç–µ –∫–æ–Ω—Ç–µ–Ω—Ç, –∫–æ—Ç–æ—Ä—ã–π –ø–æ–º–æ–≥–∞–µ—Ç –≤–∞—à–µ–π –∞—É–¥–∏—Ç–æ—Ä–∏–∏ —É–ª—É—á—à–∏—Ç—å –ø–æ–≤—Å–µ–¥–Ω–µ–≤–Ω—É—é –∂–∏–∑–Ω—å.","–ü–æ—Å—Ç —Å —Å–æ–≤–µ—Ç–∞–º–∏ –ø–æ –æ—Ä–≥–∞–Ω–∏–∑–∞—Ü–∏–∏ —Ä–∞–±–æ—á–µ–≥–æ –ø—Ä–æ—Å—Ç—Ä–∞–Ω—Å—Ç–≤–∞."
"–°–æ–∑–¥–∞–≤–∞–π—Ç–µ –∫–æ–Ω—Ç–µ–Ω—Ç, –∫–æ—Ç–æ—Ä—ã–π –≤–¥–æ—Ö–Ω–æ–≤–ª—è–µ—Ç","–ò—Å–ø–æ–ª—å–∑—É–π—Ç–µ –º–æ—Ç–∏–≤–∞—Ü–∏–æ–Ω–Ω—ã–µ —Ü–∏—Ç–∞—Ç—ã –∏ –∏—Å—Ç–æ—Ä–∏–∏, —á—Ç–æ–±—ã –≤–¥–æ—Ö–Ω–æ–≤–∏—Ç—å –≤–∞—à—É –∞—É–¥–∏—Ç–æ—Ä–∏—é.","–ü–æ—Å—Ç —Å —Ü–∏—Ç–∞—Ç–∞–º–∏ —É—Å–ø–µ—à–Ω—ã—Ö –ø—Ä–µ–¥–ø—Ä–∏–Ω–∏–º–∞—Ç–µ–ª–µ–π."
"–ò—Å–ø–æ–ª—å–∑—É–π—Ç–µ –∏–Ω—Ñ–æ–≥—Ä–∞—Ñ–∏–∫—É –¥–ª—è –ø—Ä–µ–¥—Å—Ç–∞–≤–ª–µ–Ω–∏—è –¥–∞–Ω–Ω—ã—Ö","–ü—Ä–µ–¥—Å—Ç–∞–≤–ª—è–π—Ç–µ —Å–ª–æ–∂–Ω—ã–µ –¥–∞–Ω–Ω—ã–µ –≤ –≤–∏–∑—É–∞–ª—å–Ω–æ–º —Ñ–æ—Ä–º–∞—Ç–µ –¥–ª—è —É–ø—Ä–æ—â–µ–Ω–∏—è –≤–æ—Å–ø—Ä–∏—è—Ç–∏—è.","–ò–Ω—Ñ–æ–≥—Ä–∞—Ñ–∏–∫–∞ –æ —Ä–æ—Å—Ç–µ –≤–∞—à–µ–π –∫–æ–º–ø–∞–Ω–∏–∏ –∑–∞ –ø–æ—Å–ª–µ–¥–Ω–∏–µ 5 –ª–µ—Ç."
"–°–æ–∑–¥–∞–≤–∞–π—Ç–µ –∫–æ–Ω—Ç–µ–Ω—Ç, –∫–æ—Ç–æ—Ä—ã–π –æ—Ç–≤–µ—á–∞–µ—Ç –Ω–∞ –ø–æ—Ç—Ä–µ–±–Ω–æ—Å—Ç–∏ –∞—É–¥–∏—Ç–æ—Ä–∏–∏","–ò–∑—É—á–∞–π—Ç–µ, —á—Ç–æ –Ω—É–∂–Ω–æ –≤–∞—à–µ–π –∞—É–¥–∏—Ç–æ—Ä–∏–∏, –∏ —Å–æ–∑–¥–∞–≤–∞–π—Ç–µ —Å–æ–æ—Ç–≤–µ—Ç—Å—Ç–≤—É—é—â–∏–π –∫–æ–Ω—Ç–µ–Ω—Ç.","–ü–æ—Å—Ç—ã —Å —Ä–µ—à–µ–Ω–∏—è–º–∏ —Ä–∞—Å–ø—Ä–æ—Å—Ç—Ä–∞–Ω–µ–Ω–Ω—ã—Ö –ø—Ä–æ–±–ª–µ–º –∫–ª–∏–µ–Ω—Ç–æ–≤."
"–í–∫–ª—é—á–∞–π—Ç–µ –∏–Ω—Ç–µ—Ä–∞–∫—Ç–∏–≤–Ω—ã–µ —ç–ª–µ–º–µ–Ω—Ç—ã –≤ –∫–æ–Ω—Ç–µ–Ω—Ç","–ò—Å–ø–æ–ª—å–∑—É–π—Ç–µ –≤–∏–∫—Ç–æ—Ä–∏–Ω—ã –∏ —Ç–µ—Å—Ç—ã –¥–ª—è –ø–æ–≤—ã—à–µ–Ω–∏—è –≤–æ–≤–ª–µ—á–µ–Ω–Ω–æ—Å—Ç–∏.","–í–∏–∫—Ç–æ—Ä–∏–Ω–∞ –æ –≤–∞—à–∏—Ö –ø—Ä–æ–¥—É–∫—Ç–∞—Ö —Å –≤–æ–∑–º–æ–∂–Ω–æ—Å—Ç—å—é –≤—ã–∏–≥—Ä—ã—à–∞ –ø—Ä–∏–∑–æ–≤."
"–ü—É–±–ª–∏–∫—É–π—Ç–µ –∫–æ–Ω—Ç–µ–Ω—Ç, –∫–æ—Ç–æ—Ä—ã–π –≤—ã–∑—ã–≤–∞–µ—Ç –æ–±—Å—É–∂–¥–µ–Ω–∏–µ","–°–æ–∑–¥–∞–≤–∞–π—Ç–µ –ø—Ä–æ–≤–æ–∫–∞—Ü–∏–æ–Ω–Ω—ã–µ –ø–æ—Å—Ç—ã, —á—Ç–æ–±—ã –ø–æ–±—É–¥–∏—Ç—å –∞—É–¥–∏—Ç–æ—Ä–∏—é –∫ –æ–±—Å—É–∂–¥–µ–Ω–∏—é.","–ü–æ—Å—Ç: '–≠—Ç–æ –ø—Ä–∞–≤–¥–∞, —á—Ç–æ –≤—Å–µ –¥–æ–ª–∂–Ω—ã –∏—Å–ø–æ–ª—å–∑–æ–≤–∞—Ç—å —Å–æ—Ü–∏–∞–ª—å–Ω—ã–µ —Å–µ—Ç–∏?'"
"–°–æ–∑–¥–∞–≤–∞–π—Ç–µ –∫–æ–Ω—Ç–µ–Ω—Ç –Ω–∞ –æ—Å–Ω–æ–≤–µ –ø–æ–ª—å–∑–æ–≤–∞—Ç–µ–ª—å—Å–∫–∏—Ö –∑–∞–ø—Ä–æ—Å–æ–≤","–°–ª—É—à–∞–π—Ç–µ —Å–≤–æ—é –∞—É–¥–∏—Ç–æ—Ä–∏—é –∏ —Å–æ–∑–¥–∞–≤–∞–π—Ç–µ –∫–æ–Ω—Ç–µ–Ω—Ç, –æ—Å–Ω–æ–≤—ã–≤–∞—è—Å—å –Ω–∞ –∏—Ö –∑–∞–ø—Ä–æ—Å–∞—Ö.","–ü–æ—Å—Ç —Å –æ—Ç–≤–µ—Ç–∞–º–∏ –Ω–∞ —á–∞—Å—Ç–æ –∑–∞–¥–∞–≤–∞–µ–º—ã–µ –≤–æ–ø—Ä–æ—Å—ã –∫–ª–∏–µ–Ω—Ç–æ–≤."
"–ò—Å–ø–æ–ª—å–∑—É–π—Ç–µ –∫—Ä–æ—Å—Å-–ø—Ä–æ–º–æ—Ü–∏—é —Å –¥—Ä—É–≥–∏–º–∏ –±—Ä–µ–Ω–¥–∞–º–∏","–°–æ—Ç—Ä—É–¥–Ω–∏—á–∞–π—Ç–µ —Å –¥—Ä—É–≥–∏–º–∏ –±—Ä–µ–Ω–¥–∞–º–∏ –¥–ª—è —Å–æ–≤–º–µ—Å—Ç–Ω–æ–≥–æ —Å–æ–∑–¥–∞–Ω–∏—è –∫–æ–Ω—Ç–µ–Ω—Ç–∞.","–ü–æ—Å—Ç—ã —Å–æ–≤–º–µ—Å—Ç–Ω–æ —Å –ø–∞—Ä—Ç–Ω–µ—Ä–∞–º–∏ –æ —Å–æ–≤–º–µ—Å—Ç–Ω—ã—Ö –∞–∫—Ü–∏—è—Ö."
"–î–µ–ª–∞–π—Ç–µ –∫–æ–Ω—Ç–µ–Ω—Ç –¥–æ—Å—Ç—É–ø–Ω—ã–º –¥–ª—è —Ä–∞–∑–ª–∏—á–Ω—ã—Ö —Ñ–æ—Ä–º–∞—Ç–æ–≤","–ü—Ä–µ–¥–æ—Å—Ç–∞–≤–ª—è–π—Ç–µ –∫–æ–Ω—Ç–µ–Ω—Ç –≤ —Ä–∞–∑–Ω—ã—Ö —Ñ–æ—Ä–º–∞—Ç–∞—Ö, –≤–∫–ª—é—á–∞—è —Ç–µ–∫—Å—Ç, –∞—É–¥–∏–æ –∏ –≤–∏–¥–µ–æ.","–ó–∞–ø–∏—Å—å –ø–æ–¥–∫–∞—Å—Ç–∞ –æ –≤–∞—à–µ–º –ø—Ä–æ–¥—É–∫—Ç–µ —Å —Ç–µ–∫—Å—Ç–æ–≤—ã–º –æ–ø–∏—Å–∞–Ω–∏–µ–º."
"–°–æ–∑–¥–∞–≤–∞–π—Ç–µ –∫–æ–Ω—Ç–µ–Ω—Ç, –∫–æ—Ç–æ—Ä—ã–π —Ä–µ—à–∞–µ—Ç –∫–æ–Ω–∫—Ä–µ—Ç–Ω—ã–µ –ø—Ä–æ–±–ª–µ–º—ã","–ü—É–±–ª–∏–∫—É–π—Ç–µ —Å–æ–≤–µ—Ç—ã –∏ —Ä–µ–∫–æ–º–µ–Ω–¥–∞—Ü–∏–∏, –Ω–∞–ø—Ä–∞–≤–ª–µ–Ω–Ω—ã–µ –Ω–∞ —Ä–µ—à–µ–Ω–∏–µ –∫–æ–Ω–∫—Ä–µ—Ç–Ω—ã—Ö –ø—Ä–æ–±–ª–µ–º –≤–∞—à–∏—Ö –∫–ª–∏–µ–Ω—Ç–æ–≤.","–ü–æ—Å—Ç —Å –ø–æ—à–∞–≥–æ–≤—ã–º —Ä—É–∫–æ–≤–æ–¥—Å—Ç–≤–æ–º –ø–æ —Ä–µ—à–µ–Ω–∏—é —Ä–∞—Å–ø—Ä–æ—Å—Ç—Ä–∞–Ω–µ–Ω–Ω–æ–π –ø—Ä–æ–±–ª–µ–º—ã."
"–ò—Å–ø–æ–ª—å–∑—É–π—Ç–µ –≤–∏–∑—É–∞–ª—å–Ω—ã–µ —ç–ª–µ–º–µ–Ω—Ç—ã –¥–ª—è —É–ª—É—á—à–µ–Ω–∏—è –≤–æ—Å–ø—Ä–∏—è—Ç–∏—è","–î–æ–±–∞–≤–ª—è–π—Ç–µ –∏–∑–æ–±—Ä–∞–∂–µ–Ω–∏—è, –≥—Ä–∞—Ñ–∏–∫–∏ –∏ –¥–∏–∞–≥—Ä–∞–º–º—ã –¥–ª—è –ø–æ–≤—ã—à–µ–Ω–∏—è –ø—Ä–∏–≤–ª–µ–∫–∞—Ç–µ–ª—å–Ω–æ—Å—Ç–∏ –∫–æ–Ω—Ç–µ–Ω—Ç–∞.","–®–∞–±–ª–æ–Ω—ã —Å –≥—Ä–∞—Ñ–∏–∫–∞–º–∏ –¥–ª—è –∞–Ω–∞–ª–∏–∑–∞ —Ä—ã–Ω–∫–∞."
"–ü—É–±–ª–∏–∫—É–π—Ç–µ –∫–æ–Ω—Ç–µ–Ω—Ç, –∫–æ—Ç–æ—Ä—ã–π –ø–æ–¥—á–µ—Ä–∫–∏–≤–∞–µ—Ç —Ü–µ–Ω–Ω–æ—Å—Ç–∏ –≤–∞—à–µ–≥–æ –±—Ä–µ–Ω–¥–∞","–î–µ–º–æ–Ω—Å—Ç—Ä–∏—Ä—É–π—Ç–µ —Å–≤–æ–∏ —Ü–µ–Ω–Ω–æ—Å—Ç–∏ —á–µ—Ä–µ–∑ –∫–æ–Ω—Ç–µ–Ω—Ç, —á—Ç–æ–±—ã –ø—Ä–∏–≤–ª–µ—á—å –µ–¥–∏–Ω–æ–º—ã—à–ª–µ–Ω–Ω–∏–∫–æ–≤.","–ü–æ—Å—Ç—ã –æ –≤–∞—à–µ–π –æ—Ç–≤–µ—Ç—Å—Ç–≤–µ–Ω–Ω–æ—Å—Ç–∏ –ø–µ—Ä–µ–¥ –æ–±—â–µ—Å—Ç–≤–æ–º –∏ –æ–∫—Ä—É–∂–∞—é—â–µ–π —Å—Ä–µ–¥–æ–π."
"–°–æ–∑–¥–∞–≤–∞–π—Ç–µ –∫–æ–Ω—Ç–µ–Ω—Ç —Å —É—á–µ—Ç–æ–º —Å–µ–∑–æ–Ω–Ω–æ—Å—Ç–∏","–ê–¥–∞–ø—Ç–∏—Ä—É–π—Ç–µ –∫–æ–Ω—Ç–µ–Ω—Ç –≤ –∑–∞–≤–∏—Å–∏–º–æ—Å—Ç–∏ –æ—Ç –≤—Ä–µ–º–µ–Ω–∏ –≥–æ–¥–∞ –∏–ª–∏ –ø—Ä–∞–∑–¥–Ω–∏–∫–æ–≤.","–ü–æ—Å—Ç—ã —Å –∞–∫—Ü–∏—è–º–∏ –Ω–∞ –ª–µ—Ç–Ω–∏–µ —Ç–æ–≤–∞—Ä—ã."
"–ò—Å–ø–æ–ª—å–∑—É–π—Ç–µ –ø—Ä–∏–º–µ—Ä—ã –∏–∑ –∂–∏–∑–Ω–∏ –∏–∑–≤–µ—Å—Ç–Ω—ã—Ö –ª–∏—á–Ω–æ—Å—Ç–µ–π","–ü—É–±–ª–∏–∫—É–π—Ç–µ –∏—Å—Ç–æ—Ä–∏–∏ –∏–∑–≤–µ—Å—Ç–Ω—ã—Ö –ª—é–¥–µ–π, –∫–æ—Ç–æ—Ä—ã–µ –≤–¥–æ—Ö–Ω–æ–≤–ª—è—é—Ç –∏ –º–æ—Ç–∏–≤–∏—Ä—É—é—Ç.","–ò—Å—Ç–æ—Ä–∏—è –æ —Ç–æ–º, –∫–∞–∫ –∏–∑–≤–µ—Å—Ç–Ω—ã–π –ø—Ä–µ–¥–ø—Ä–∏–Ω–∏–º–∞—Ç–µ–ª—å –ø—Ä–µ–æ–¥–æ–ª–µ–ª —Ç—Ä—É–¥–Ω–æ—Å—Ç–∏."
"–°–æ–∑–¥–∞–≤–∞–π—Ç–µ –∫–æ–Ω—Ç–µ–Ω—Ç, –∫–æ—Ç–æ—Ä—ã–π —É–ø—Ä–æ—â–∞–µ—Ç —Å–ª–æ–∂–Ω—ã–µ —Ç–µ–º—ã","–û–±—ä—è—Å–Ω—è–π—Ç–µ —Å–ª–æ–∂–Ω—ã–µ –∏–¥–µ–∏ –ø—Ä–æ—Å—Ç—ã–º —è–∑—ã–∫–æ–º, —á—Ç–æ–±—ã —Å–¥–µ–ª–∞—Ç—å –∏—Ö –¥–æ—Å—Ç—É–ø–Ω—ã–º–∏ –¥–ª—è —à–∏—Ä–æ–∫–æ–π –∞—É–¥–∏—Ç–æ—Ä–∏–∏.","–ü–æ—Å—Ç —Å –æ–±—ä—è—Å–Ω–µ–Ω–∏–µ–º —Ç–µ—Ö–Ω–∏—á–µ—Å–∫–∏—Ö —Ç–µ—Ä–º–∏–Ω–æ–≤ –≤ –≤–∞—à–µ–π –æ–±–ª–∞—Å—Ç–∏."
"–ü—É–±–ª–∏–∫—É–π—Ç–µ –∫–æ–Ω—Ç–µ–Ω—Ç, —Å–≤—è–∑–∞–Ω–Ω—ã–π —Å –ø–æ—Å–ª–µ–¥–Ω–∏–º–∏ —Ç–µ–Ω–¥–µ–Ω—Ü–∏—è–º–∏","–°–ª–µ–¥–∏—Ç–µ –∑–∞ –∞–∫—Ç—É–∞–ª—å–Ω—ã–º–∏ —Ç—Ä–µ–Ω–¥–∞–º–∏ –∏ —Å–æ–∑–¥–∞–≤–∞–π—Ç–µ –∫–æ–Ω—Ç–µ–Ω—Ç –Ω–∞ –∏—Ö –æ—Å–Ω–æ–≤–µ.","–ü–æ—Å—Ç –æ –Ω–æ–≤—ã—Ö —Ç—Ä–µ–Ω–¥–∞—Ö –≤ –¥–∏–∑–∞–π–Ω–µ –∏–Ω—Ç–µ—Ä—å–µ—Ä–æ–≤."
"–°–æ–∑–¥–∞–≤–∞–π—Ç–µ –∫–æ–Ω—Ç–µ–Ω—Ç, –∫–æ—Ç–æ—Ä—ã–π –ø–æ–±—É–∂–¥–∞–µ—Ç –∫ –¥–µ–π—Å—Ç–≤–∏—é","–î–æ–±–∞–≤–ª—è–π—Ç–µ –ø—Ä–∏–∑—ã–≤—ã –∫ –¥–µ–π—Å—Ç–≤–∏—é –≤ –∫–æ–Ω—Ü–µ –∫–∞–∂–¥–æ–≥–æ –ø–æ—Å—Ç–∞ –¥–ª—è –ø–æ–≤—ã—à–µ–Ω–∏—è –≤–æ–≤–ª–µ—á–µ–Ω–Ω–æ—Å—Ç–∏.","–ü—Ä–∏–∑—ã–≤: '–ù–µ –∑–∞–±—É–¥—å—Ç–µ –ø–æ–¥–ø–∏—Å–∞—Ç—å—Å—è –Ω–∞ –Ω–∞—à –∫–∞–Ω–∞–ª –¥–ª—è –Ω–æ–≤—ã—Ö –æ–±–Ω–æ–≤–ª–µ–Ω–∏–π!'"
"–°–æ–∑–¥–∞–≤–∞–π—Ç–µ –∫–æ–Ω—Ç–µ–Ω—Ç, –æ—Å–Ω–æ–≤–∞–Ω–Ω—ã–π –Ω–∞ –ø–æ–ª—å–∑–æ–≤–∞—Ç–µ–ª—å—Å–∫–∏—Ö –æ—Ç–∑—ã–≤–∞—Ö","–ò—Å–ø–æ–ª—å–∑—É–π—Ç–µ –æ—Ç–∑—ã–≤—ã –∫–ª–∏–µ–Ω—Ç–æ–≤ –∫–∞–∫ –æ—Å–Ω–æ–≤—É –¥–ª—è —Å–æ–∑–¥–∞–Ω–∏—è –∫–æ–Ω—Ç–µ–Ω—Ç–∞, —á—Ç–æ–±—ã –ø–æ–∫–∞–∑–∞—Ç—å –µ–≥–æ —Ü–µ–Ω–Ω–æ—Å—Ç—å.","–ü–æ—Å—Ç—ã, –æ—Å–Ω–æ–≤–∞–Ω–Ω—ã–µ –Ω–∞ –æ—Ç–∑—ã–≤–∞—Ö –ø–æ–ª—å–∑–æ–≤–∞—Ç–µ–ª–µ–π –æ –≤–∞—à–µ–º –ø—Ä–æ–¥—É–∫—Ç–µ."
"–ò—Å–ø–æ–ª—å–∑—É–π—Ç–µ –∞–∫—Ç—É–∞–ª—å–Ω—ã–µ —Ö—ç—à—Ç–µ–≥–∏","–°–ª–µ–¥–∏—Ç–µ –∑–∞ –ø–æ–ø—É–ª—è—Ä–Ω—ã–º–∏ —Ö—ç—à—Ç–µ–≥–∞–º–∏ –∏ –∏—Å–ø–æ–ª—å–∑—É–π—Ç–µ –∏—Ö –≤ —Å–≤–æ–∏—Ö –ø–æ—Å—Ç–∞—Ö –¥–ª—è —É–≤–µ–ª–∏—á–µ–Ω–∏—è –æ—Ö–≤–∞—Ç–∞.","–•—ç—à—Ç–µ–≥–∏ –Ω–∞ —Ç–µ–º—ã, —Å–≤—è–∑–∞–Ω–Ω—ã–µ —Å –≤–∞—à–∏–º –ø—Ä–æ–¥—É–∫—Ç–æ–º –∏–ª–∏ —Å–æ–±—ã—Ç–∏–µ–º."
"–ü—É–±–ª–∏–∫—É–π—Ç–µ –∫–æ–Ω—Ç–µ–Ω—Ç –Ω–∞ —Ä–∞–∑–Ω—ã—Ö —è–∑—ã–∫–∞—Ö","–ï—Å–ª–∏ —É –≤–∞—Å –º–µ–∂–¥—É–Ω–∞—Ä–æ–¥–Ω–∞—è –∞—É–¥–∏—Ç–æ—Ä–∏—è, —Å–æ–∑–¥–∞–≤–∞–π—Ç–µ –∫–æ–Ω—Ç–µ–Ω—Ç –Ω–∞ –Ω–µ—Å–∫–æ–ª—å–∫–∏—Ö —è–∑—ã–∫–∞—Ö.","–ü–µ—Ä–µ–≤–µ–¥–µ–Ω–Ω—ã–µ –ø–æ—Å—Ç—ã –¥–ª—è —Ä–∞–∑–Ω—ã—Ö —Å—Ç—Ä–∞–Ω."
"–°–æ–∑–¥–∞–≤–∞–π—Ç–µ –∫–æ–Ω—Ç–µ–Ω—Ç, –∫–æ—Ç–æ—Ä—ã–π –æ—Ç–≤–µ—á–∞–µ—Ç –Ω–∞ –∞–∫—Ç—É–∞–ª—å–Ω—ã–µ –≤–æ–ø—Ä–æ—Å—ã","–ò—Å—Å–ª–µ–¥—É–π—Ç–µ —Ç–µ–∫—É—â–∏–µ –≤–æ–ø—Ä–æ—Å—ã –∏ —Å–æ–∑–¥–∞–≤–∞–π—Ç–µ –∫–æ–Ω—Ç–µ–Ω—Ç, –∫–æ—Ç–æ—Ä—ã–π –Ω–∞ –Ω–∏—Ö –æ—Ç–≤–µ—á–∞–µ—Ç.","–ü–æ—Å—Ç –æ —Ç–æ–º, –∫–∞–∫ –≤–∞—à –ø—Ä–æ–¥—É–∫—Ç —Ä–µ—à–∞–µ—Ç –ø–æ–ø—É–ª—è—Ä–Ω—ã–µ –ø—Ä–æ–±–ª–µ–º—ã."
"–ò—Å–ø–æ–ª—å–∑—É–π—Ç–µ –∞–Ω–∏–º–∞—Ü–∏—é –∏ GIF-—Ñ–∞–π–ª—ã","–î–æ–±–∞–≤–ª—è–π—Ç–µ –∞–Ω–∏–º–∞—Ü–∏—é –∏ GIF –¥–ª—è —É–ª—É—á—à–µ–Ω–∏—è –≤–∏–∑—É–∞–ª—å–Ω–æ–≥–æ –≤–æ—Å–ø—Ä–∏—è—Ç–∏—è –∫–æ–Ω—Ç–µ–Ω—Ç–∞.","–ê–Ω–∏–º–∞—Ü–∏—è, –ø–æ–∫–∞–∑—ã–≤–∞—é—â–∞—è, –∫–∞–∫ –∏—Å–ø–æ–ª—å–∑–æ–≤–∞—Ç—å –≤–∞—à –ø—Ä–æ–¥—É–∫—Ç."
"–ü—É–±–ª–∏–∫—É–π—Ç–µ —Å–æ–≤–µ—Ç—ã –ø–æ –≤—ã–±–æ—Ä—É –ø—Ä–æ–¥—É–∫—Ç–æ–≤","–ü–æ–º–æ–≥–∞–π—Ç–µ –≤–∞—à–µ–π –∞—É–¥–∏—Ç–æ—Ä–∏–∏ –≤ –≤—ã–±–æ—Ä–µ, –ø—Ä–µ–¥–ª–∞–≥–∞—è —Å–æ–≤–µ—Ç—ã –ø–æ –≤—ã–±–æ—Ä—É –ø—Ä–æ–¥—É–∫—Ç–æ–≤.","–ü–æ—Å—Ç —Å —Ä–µ–∫–æ–º–µ–Ω–¥–∞—Ü–∏—è–º–∏ –ø–æ –≤—ã–±–æ—Ä—É –ª—É—á—à–µ–≥–æ –ø—Ä–æ–¥—É–∫—Ç–∞ –¥–ª—è –æ–ø—Ä–µ–¥–µ–ª–µ–Ω–Ω—ã—Ö –Ω—É–∂–¥."
"–ò—Å–ø–æ–ª—å–∑—É–π—Ç–µ –ø–µ—Ä—Å–æ–Ω–∞–ª–∏–∑–∏—Ä–æ–≤–∞–Ω–Ω—ã–π –∫–æ–Ω—Ç–µ–Ω—Ç","–°–æ–∑–¥–∞–≤–∞–π—Ç–µ –∫–æ–Ω—Ç–µ–Ω—Ç, –∫–æ—Ç–æ—Ä—ã–π –∞–¥—Ä–µ—Å–æ–≤–∞–Ω –∫–æ–Ω–∫—Ä–µ—Ç–Ω–æ–π –∞—É–¥–∏—Ç–æ—Ä–∏–∏ –¥–ª—è –ø–æ–≤—ã—à–µ–Ω–∏—è –≤–æ–≤–ª–µ—á–µ–Ω–Ω–æ—Å—Ç–∏.","–ü–æ—Å—Ç—ã, –æ—Ä–∏–µ–Ω—Ç–∏—Ä–æ–≤–∞–Ω–Ω—ã–µ –Ω–∞ –æ–ø—Ä–µ–¥–µ–ª–µ–Ω–Ω—ã–µ –≥—Ä—É–ø–ø—ã –ø–æ–ª—å–∑–æ–≤–∞—Ç–µ–ª–µ–π."
"–°–æ–∑–¥–∞–≤–∞–π—Ç–µ –∫–æ–Ω—Ç–µ–Ω—Ç –Ω–∞ –æ—Å–Ω–æ–≤–µ –¥–∞–Ω–Ω—ã—Ö –∏ —Å—Ç–∞—Ç–∏—Å—Ç–∏–∫–∏","–ò—Å–ø–æ–ª—å–∑—É–π—Ç–µ —Ñ–∞–∫—Ç—ã –∏ —Ü–∏—Ñ—Ä—ã –¥–ª—è –æ–±–æ—Å–Ω–æ–≤–∞–Ω–∏—è —Å–≤–æ–∏—Ö —É—Ç–≤–µ—Ä–∂–¥–µ–Ω–∏–π –∏ —Å–æ–∑–¥–∞–Ω–∏—è –¥–æ–≤–µ—Ä–∏—è.","–ü–æ—Å—Ç —Å –¥–∞–Ω–Ω—ã–º–∏ –æ —Ä–æ—Å—Ç–µ —Ä—ã–Ω–∫–∞ –≤ –≤–∞—à–µ–π –Ω–∏—à–µ."
"–ü—É–±–ª–∏–∫—É–π—Ç–µ –∫–æ–Ω—Ç–µ–Ω—Ç, –∫–æ—Ç–æ—Ä—ã–π –ø–æ–¥—á–µ—Ä–∫–∏–≤–∞–µ—Ç –≤–∞—à—É —ç–∫—Å–ø–µ—Ä—Ç–Ω–æ—Å—Ç—å","–î–µ–º–æ–Ω—Å—Ç—Ä–∏—Ä—É–π—Ç–µ —Å–≤–æ–∏ –∑–Ω–∞–Ω–∏—è –∏ –æ–ø—ã—Ç –≤ –≤–∞—à–µ–π –æ–±–ª–∞—Å—Ç–∏ —á–µ—Ä–µ–∑ –∏–Ω—Ñ–æ—Ä–º–∞—Ç–∏–≤–Ω—ã–π –∫–æ–Ω—Ç–µ–Ω—Ç.","–°—Ç–∞—Ç—å–∏ –∏ –ø–æ—Å—Ç—ã –æ —Å–ª–æ–∂–Ω—ã—Ö —Ç–µ–º–∞—Ö –≤ –≤–∞—à–µ–π –æ—Ç—Ä–∞—Å–ª–∏."
"–ò—Å–ø–æ–ª—å–∑—É–π—Ç–µ –≤–∏–∫—Ç–æ—Ä–∏–Ω—ã –∏ —Ç–µ—Å—Ç—ã –¥–ª—è –≤–æ–≤–ª–µ—á–µ–Ω–∏—è","–°–æ–∑–¥–∞–≤–∞–π—Ç–µ –≤–∏–∫—Ç–æ—Ä–∏–Ω—ã, —á—Ç–æ–±—ã –ø–æ–≤—ã—Å–∏—Ç—å –≤–æ–≤–ª–µ—á–µ–Ω–Ω–æ—Å—Ç—å –∏ —Å–¥–µ–ª–∞—Ç—å –∫–æ–Ω—Ç–µ–Ω—Ç –∏–Ω—Ç–µ—Ä–∞–∫—Ç–∏–≤–Ω—ã–º.","–í–∏–∫—Ç–æ—Ä–∏–Ω–∞ –æ —Ç–æ–º, –Ω–∞—Å–∫–æ–ª—å–∫–æ —Ö–æ—Ä–æ—à–æ –≤–∞—à–∏ –ø–æ–ª—å–∑–æ–≤–∞—Ç–µ–ª–∏ –∑–Ω–∞—é—Ç –≤–∞—à –ø—Ä–æ–¥—É–∫—Ç."
"–°–æ–∑–¥–∞–≤–∞–π—Ç–µ –∫–æ–Ω—Ç–µ–Ω—Ç —Å —Ä–µ–∫–æ–º–µ–Ω–¥–∞—Ü–∏—è–º–∏ –ø–æ –∏—Å–ø–æ–ª—å–∑–æ–≤–∞–Ω–∏—é","–î–∞–≤–∞–π—Ç–µ —Å–æ–≤–µ—Ç—ã –ø–æ –∏—Å–ø–æ–ª—å–∑–æ–≤–∞–Ω–∏—é –≤–∞—à–µ–≥–æ –ø—Ä–æ–¥—É–∫—Ç–∞, —á—Ç–æ–±—ã –ø–æ–º–æ—á—å –∫–ª–∏–µ–Ω—Ç–∞–º.","–ü–æ—Å—Ç —Å –∏–¥–µ—è–º–∏ –æ —Ç–æ–º, –∫–∞–∫ –∏—Å–ø–æ–ª—å–∑–æ–≤–∞—Ç—å –≤–∞—à –ø—Ä–æ–¥—É–∫—Ç –≤ –ø–æ–≤—Å–µ–¥–Ω–µ–≤–Ω–æ–π –∂–∏–∑–Ω–∏."
"–ü—É–±–ª–∏–∫—É–π—Ç–µ –∫–æ–Ω—Ç–µ–Ω—Ç, –ø–æ–∫–∞–∑—ã–≤–∞—é—â–∏–π –ø—Ä–æ—Ü–µ—Å—Å —Å–æ–∑–¥–∞–Ω–∏—è –ø—Ä–æ–¥—É–∫—Ç–∞","–î–µ–ª–∏—Ç–µ—Å—å –∑–∞–∫—É–ª–∏—Å–Ω—ã–º–∏ –º–æ–º–µ–Ω—Ç–∞–º–∏, —á—Ç–æ–±—ã —Å–¥–µ–ª–∞—Ç—å –≤–∞—à –±—Ä–µ–Ω–¥ –±–æ–ª–µ–µ –ø—Ä–æ–∑—Ä–∞—á–Ω—ã–º.","–ü–æ—Å—Ç—ã –æ –ø—Ä–æ—Ü–µ—Å—Å–µ –ø—Ä–æ–∏–∑–≤–æ–¥—Å—Ç–≤–∞ –∏–ª–∏ —Ä–∞–∑—Ä–∞–±–æ—Ç–∫–∏ –≤–∞—à–µ–≥–æ –ø—Ä–æ–¥—É–∫—Ç–∞."
"–°–æ–∑–¥–∞–≤–∞–π—Ç–µ –∫–æ–Ω—Ç–µ–Ω—Ç, –∫–æ—Ç–æ—Ä—ã–π –≤—ã–∑—ã–≤–∞–µ—Ç –æ–±—Å—É–∂–¥–µ–Ω–∏–µ","–†–∞–∑–º–µ—â–∞–π—Ç–µ –ø—Ä–æ–≤–æ–∫–∞—Ü–∏–æ–Ω–Ω—ã–µ —Ç–µ–º—ã, —á—Ç–æ–±—ã –ø–æ–±—É–¥–∏—Ç—å –ø–æ–ª—å–∑–æ–≤–∞—Ç–µ–ª–µ–π –∫ –æ–±—Å—É–∂–¥–µ–Ω–∏—é.","–ü–æ—Å—Ç —Å –≤–æ–ø—Ä–æ—Å–æ–º –æ —Ç–µ–∫—É—â–∏—Ö —Ç—Ä–µ–Ω–¥–∞—Ö –≤ –≤–∞—à–µ–π –æ–±–ª–∞—Å—Ç–∏."
"–ò—Å–ø–æ–ª—å–∑—É–π—Ç–µ —Ä–µ—Ü–µ–Ω–∑–∏–∏ –∏ –æ–±–∑–æ—Ä—ã –≤ –∫–æ–Ω—Ç–µ–Ω—Ç–µ","–ü—É–±–ª–∏–∫—É–π—Ç–µ —Ä–µ—Ü–µ–Ω–∑–∏–∏ –Ω–∞ –≤–∞—à–∏ –ø—Ä–æ–¥—É–∫—Ç—ã –æ—Ç –∞–≤—Ç–æ—Ä–∏—Ç–µ—Ç–Ω—ã—Ö –ª–∏—Ü –≤ –≤–∞—à–µ–π –æ–±–ª–∞—Å—Ç–∏.","–û–±–∑–æ—Ä—ã –æ—Ç –±–ª–æ–≥–µ—Ä–æ–≤ –∏ —ç–∫—Å–ø–µ—Ä—Ç–æ–≤, –∫–æ—Ç–æ—Ä—ã–µ –∏—Å–ø–æ–ª—å–∑—É—é—Ç –≤–∞—à –ø—Ä–æ–¥—É–∫—Ç."
"–°–æ–∑–¥–∞–≤–∞–π—Ç–µ –∫–æ–Ω—Ç–µ–Ω—Ç —Å —Ñ–æ–∫—É—Å–æ–º –Ω–∞ —ç–º–æ—Ü–∏–æ–Ω–∞–ª—å–Ω—ã–µ –∞—Å–ø–µ–∫—Ç—ã","–ò—Å–ø–æ–ª—å–∑—É–π—Ç–µ —ç–º–æ—Ü–∏–æ–Ω–∞–ª—å–Ω—ã–µ –∏—Å—Ç–æ—Ä–∏–∏, —á—Ç–æ–±—ã —Å–æ–∑–¥–∞—Ç—å —Å–≤—è–∑—å —Å –≤–∞—à–µ–π –∞—É–¥–∏—Ç–æ—Ä–∏–µ–π.","–ü–æ—Å—Ç —Å –ª–∏—á–Ω–æ–π –∏—Å—Ç–æ—Ä–∏–µ–π –æ —Ç–æ–º, –∫–∞–∫ –ø—Ä–æ–¥—É–∫—Ç –∏–∑–º–µ–Ω–∏–ª –∂–∏–∑–Ω—å –∫–ª–∏–µ–Ω—Ç–∞."
"–ü—É–±–ª–∏–∫—É–π—Ç–µ –∫–æ–Ω—Ç–µ–Ω—Ç, —Å–≤—è–∑–∞–Ω–Ω—ã–π —Å –≤–∞—à–µ–π –∫–æ—Ä–ø–æ—Ä–∞—Ç–∏–≤–Ω–æ–π –∫—É–ª—å—Ç—É—Ä–æ–π","–î–µ–ª–∏—Ç–µ—Å—å –≤–Ω—É—Ç—Ä–µ–Ω–Ω–∏–º–∏ —Å–æ–±—ã—Ç–∏—è–º–∏ –∏ –∫—É–ª—å—Ç—É—Ä–æ–π –≤–∞—à–µ–π –∫–æ–º–ø–∞–Ω–∏–∏.","–ü–æ—Å—Ç—ã –æ –º–µ—Ä–æ–ø—Ä–∏—è—Ç–∏—è—Ö, –∫–æ–º–∞–Ω–¥–∞—Ö –∏ —Ü–µ–Ω–Ω–æ—Å—Ç—è—Ö –≤–∞—à–µ–π –∫–æ–º–ø–∞–Ω–∏–∏."
"–°–æ–∑–¥–∞–≤–∞–π—Ç–µ –∫–æ–Ω—Ç–µ–Ω—Ç —Å –∏–Ω—Ñ–æ–≥—Ä–∞—Ñ–∏–∫–æ–π –¥–ª—è –æ–±—ä—è—Å–Ω–µ–Ω–∏—è –ø—Ä–æ—Ü–µ—Å—Å–æ–≤","–ò—Å–ø–æ–ª—å–∑—É–π—Ç–µ –∏–Ω—Ñ–æ–≥—Ä–∞—Ñ–∏–∫—É –¥–ª—è –≤–∏–∑—É–∞–ª—å–Ω–æ–≥–æ –ø—Ä–µ–¥—Å—Ç–∞–≤–ª–µ–Ω–∏—è —Å–ª–æ–∂–Ω—ã—Ö –ø—Ä–æ—Ü–µ—Å—Å–æ–≤.","–ò–Ω—Ñ–æ–≥—Ä–∞—Ñ–∏–∫–∞, –æ–±—ä—è—Å–Ω—è—é—â–∞—è, –∫–∞–∫ —Ä–∞–±–æ—Ç–∞–µ—Ç –≤–∞—à –ø—Ä–æ–¥—É–∫—Ç."
"–ü—É–±–ª–∏–∫—É–π—Ç–µ –∫–æ–Ω—Ç–µ–Ω—Ç, –∫–æ—Ç–æ—Ä—ã–π –¥–µ–º–æ–Ω—Å—Ç—Ä–∏—Ä—É–µ—Ç —Ä–µ–∑—É–ª—å—Ç–∞—Ç—ã","–î–µ–ª–∏—Ç–µ—Å—å —Ä–µ–∑—É–ª—å—Ç–∞—Ç–∞–º–∏ –∏—Å–ø–æ–ª—å–∑–æ–≤–∞–Ω–∏—è –≤–∞—à–µ–≥–æ –ø—Ä–æ–¥—É–∫—Ç–∞, —á—Ç–æ–±—ã –ø–æ–∫–∞–∑–∞—Ç—å –µ–≥–æ —ç—Ñ—Ñ–µ–∫—Ç–∏–≤–Ω–æ—Å—Ç—å.","–ü–æ—Å—Ç—ã —Å –¥–æ –∏ –ø–æ—Å–ª–µ –∏—Å–ø–æ–ª—å–∑–æ–≤–∞–Ω–∏—è –≤–∞—à–µ–≥–æ –ø—Ä–æ–¥—É–∫—Ç–∞."
"–ò—Å–ø–æ–ª—å–∑—É–π—Ç–µ —Å–µ–∑–æ–Ω–Ω—ã–µ —Ç–µ–º—ã –≤ –∫–æ–Ω—Ç–µ–Ω—Ç–µ","–ê–¥–∞–ø—Ç–∏—Ä—É–π—Ç–µ –∫–æ–Ω—Ç–µ–Ω—Ç –ø–æ–¥ —Å–µ–∑–æ–Ω—ã –∏ –ø—Ä–∞–∑–¥–Ω–∏–∫–∏ –¥–ª—è –ø–æ–≤—ã—à–µ–Ω–∏—è –∞–∫—Ç—É–∞–ª—å–Ω–æ—Å—Ç–∏.","–ü–æ—Å—Ç—ã —Å –∞–∫—Ü–∏—è–º–∏ –Ω–∞ –ø—Ä–∞–∑–¥–Ω–∏–∫–∏ –∏ —Å–µ–∑–æ–Ω–Ω—ã–µ —Ç–æ–≤–∞—Ä—ã."
"–°–æ–∑–¥–∞–≤–∞–π—Ç–µ –∫–æ–Ω—Ç–µ–Ω—Ç, –∫–æ—Ç–æ—Ä—ã–π —Å–ø–æ—Å–æ–±—Å—Ç–≤—É–µ—Ç –≤–∑–∞–∏–º–æ–¥–µ–π—Å—Ç–≤–∏—é","–ü–æ–æ—â—Ä—è–π—Ç–µ –ø–æ–ª—å–∑–æ–≤–∞—Ç–µ–ª–µ–π –¥–µ–ª–∏—Ç—å—Å—è —Å–≤–æ–∏–º –º–Ω–µ–Ω–∏–µ–º –∏ –æ–ø—ã—Ç–æ–º —á–µ—Ä–µ–∑ –∫–æ–º–º–µ–Ω—Ç–∞—Ä–∏–∏.","–í–æ–ø—Ä–æ—Å—ã –≤ –ø–æ—Å—Ç–∞—Ö, –ø–æ–±—É–∂–¥–∞—é—â–∏–µ –∫ –æ–±—Å—É–∂–¥–µ–Ω–∏—é."
"–ü—É–±–ª–∏–∫—É–π—Ç–µ –∫–æ–Ω—Ç–µ–Ω—Ç, –∫–æ—Ç–æ—Ä—ã–π –º–æ—Ç–∏–≤–∏—Ä—É–µ—Ç –∫ –¥–µ–π—Å—Ç–≤–∏—é","–°–æ–∑–¥–∞–≤–∞–π—Ç–µ –ø–æ—Å—Ç—ã, –∫–æ—Ç–æ—Ä—ã–µ –≤–¥–æ—Ö–Ω–æ–≤–ª—è—é—Ç –ª—é–¥–µ–π –Ω–∞ –¥–µ–π—Å—Ç–≤–∏—è –∏ –∏–∑–º–µ–Ω–µ–Ω–∏—è.","–ü–æ—Å—Ç—ã —Å –º–æ—Ç–∏–≤–∞—Ü–∏–æ–Ω–Ω—ã–º–∏ —Ü–∏—Ç–∞—Ç–∞–º–∏ –∏ –≤—ã–∑–æ–≤–∞–º–∏."
"–ò—Å–ø–æ–ª—å–∑—É–π—Ç–µ –ø—Ä–∏–º–µ—Ä—ã —É—Å–ø–µ—à–Ω—ã—Ö –∫–µ–π—Å–æ–≤","–î–µ–ª–∏—Ç–µ—Å—å —É—Å–ø–µ—à–Ω—ã–º–∏ –ø—Ä–∏–º–µ—Ä–∞–º–∏ –∏—Å–ø–æ–ª—å–∑–æ–≤–∞–Ω–∏—è –≤–∞—à–µ–≥–æ –ø—Ä–æ–¥—É–∫—Ç–∞ –¥–ª—è –≤–¥–æ—Ö–Ω–æ–≤–µ–Ω–∏—è –¥—Ä—É–≥–∏—Ö.","–ö–µ–π—Å—ã —É—Å–ø–µ—à–Ω—ã—Ö –∫–ª–∏–µ–Ω—Ç–æ–≤, –∫–æ—Ç–æ—Ä—ã–µ –¥–æ–±–∏–ª–∏—Å—å —Ä–µ–∑—É–ª—å—Ç–∞—Ç–æ–≤ —Å –≤–∞—à–∏–º –ø—Ä–æ–¥—É–∫—Ç–æ–º."
"–°–æ–∑–¥–∞–≤–∞–π—Ç–µ –∫–æ–Ω—Ç–µ–Ω—Ç, –∫–æ—Ç–æ—Ä—ã–π –æ—Ö–≤–∞—Ç—ã–≤–∞–µ—Ç –Ω–æ–≤—ã–µ —Ç–µ—Ö–Ω–æ–ª–æ–≥–∏–∏","–û–±—Å—É–∂–¥–∞–π—Ç–µ, –∫–∞–∫ –Ω–æ–≤—ã–µ —Ç–µ—Ö–Ω–æ–ª–æ–≥–∏–∏ –≤–ª–∏—è—é—Ç –Ω–∞ –≤–∞—à—É –æ—Ç—Ä–∞—Å–ª—å –∏ –≤–∞—à –±–∏–∑–Ω–µ—Å.","–ü–æ—Å—Ç—ã –æ –≤–Ω–µ–¥—Ä–µ–Ω–∏–∏ –Ω–æ–≤—ã—Ö —Ç–µ—Ö–Ω–æ–ª–æ–≥–∏–π –≤ –≤–∞—à –ø—Ä–æ–¥—É–∫—Ç."
"–ü—É–±–ª–∏–∫—É–π—Ç–µ –∫–æ–Ω—Ç–µ–Ω—Ç —Å –ø—Ä–∞–∫—Ç–∏—á–µ—Å–∫–∏–º–∏ —Å–æ–≤–µ—Ç–∞–º–∏","–î–∞–≤–∞–π—Ç–µ –∫–æ–Ω–∫—Ä–µ—Ç–Ω—ã–µ —Å–æ–≤–µ—Ç—ã –ø–æ —É–ª—É—á—à–µ–Ω–∏—é –Ω–∞–≤—ã–∫–æ–≤ –∏–ª–∏ –ø—Ä–æ—Ü–µ—Å—Å–æ–≤ –¥–ª—è –∞—É–¥–∏—Ç–æ—Ä–∏–∏.","–ü–æ—Å—Ç—ã —Å –ø—Ä–∞–∫—Ç–∏—á–µ—Å–∫–∏–º–∏ —Å–æ–≤–µ—Ç–∞–º–∏ –ø–æ —É–ª—É—á—à–µ–Ω–∏—é –±–∏–∑–Ω–µ—Å-–ø—Ä–æ—Ü–µ—Å—Å–æ–≤."
