strategy_name,description,examples
"SEO (Поисковая оптимизация)","Стратегия, направленная на улучшение видимости сайта в поисковых системах путем оптимизации контента и структуры сайта.","Оптимизация метатегов и заголовков сайта, создание качественного контента, наращивание внешних ссылок."
"Контент-маркетинг","Создание и распространение ценного, релевантного и последовательного контента для привлечения и удержания целевой аудитории.","Блог о моде с советами по стилю, видеоролики с обучением по приготовлению пищи."
"SMM (Маркетинг в социальных сетях)","Использование платформ социальных сетей для продвижения продуктов и взаимодействия с клиентами.","Запуск рекламной кампании в Instagram, создание сообщества в Facebook для обсуждения новинок."
"PPC (Оплата за клик)","Реклама, при которой рекламодатель платит за каждый клик на объявление, размещенное в поисковых системах или на других платформах.","Google Ads, реклама на Facebook и Instagram."
"Email-маркетинг","Использование электронной почты для общения с клиентами и продвижения продуктов и услуг.","Рассылка новостей и акций подписчикам, отправка персонализированных предложений."
"Influencer Marketing","Сотрудничество с влиятельными личностями для продвижения бренда и его продуктов.","Кампания с блогером, который делится отзывами о товаре в своих социальных сетях."
"Вебинары и онлайн-мероприятия","Проведение вебинаров или онлайн-трансляций для обучения и взаимодействия с аудиторией.","Вебинар по цифровому маркетингу с приглашенными экспертами."
"Мобильный маркетинг","Оптимизация маркетинговых стратегий для мобильных устройств и приложений.","Создание мобильного приложения для скидок и акций, SMS-рассылки с предложениями."
"Геймификация","Использование игровых элементов в маркетинговых стратегиях для повышения вовлеченности.","Создание интерактивных викторин и конкурсов с призами для участников."
"Персонализация","Адаптация маркетинговых сообщений и предложений к интересам и поведению конкретного пользователя.","Персонализированные рекомендации товаров на основе предыдущих покупок."
"Affiliate Marketing","Сотрудничество с партнерами для продвижения продуктов или услуг за комиссионные.","Программа для блогеров, которые получают процент от продаж за каждую рефералку."
"Retargeting (Ремаркетинг)","Показ рекламы пользователям, которые уже посетили сайт, с целью вернуть их обратно.","Реклама товаров, которые пользователь оставил в корзине, в социальных сетях."
"User-Generated Content (UGC)","Использование контента, созданного пользователями, для продвижения бренда.","Публикация фотографий клиентов с продуктами в социальных сетях."
"Video Marketing","Использование видеоконтента для привлечения и удержания аудитории.","Создание обучающих видео на YouTube о продукте или услуге."
"Web Optimization","Оптимизация веб-сайта для улучшения пользовательского опыта и скорости загрузки.","Улучшение навигации, уменьшение размера изображений для ускорения загрузки."
"Native Advertising","Реклама, которая интегрируется в контент платформы, где она размещена.","Статья о здоровье с упоминанием витаминов, которые продает компания."
"Social Proof","Использование отзывов и рейтингов для повышения доверия к продукту.","Публикация отзывов клиентов на сайте и в социальных сетях."
"Chatbots","Использование автоматизированных чат-ботов для взаимодействия с клиентами в реальном времени.","Чат-бот на сайте, который отвечает на частые вопросы покупателей."
"Augmented Reality (AR)","Использование технологий дополненной реальности для улучшения клиентского опыта.","Приложение, позволяющее примерять одежду виртуально."
"Gamification","Создание игровых элементов в маркетинговых стратегиях для повышения вовлеченности.","Программа лояльности, где клиенты зарабатывают баллы за покупки и могут их обменивать."
"Voice Search Optimization","Оптимизация контента для голосового поиска и виртуальных помощников.","Адаптация контента под вопросы, которые могут задавать пользователи голосом."
"Interactive Content","Создание интерактивного контента для вовлечения аудитории.","Опросы, викторины и калькуляторы на сайте."
"Online Reviews Management","Управление отзывами и репутацией бренда в интернете.","Активная работа с отзывами на Google и Yelp, ответы на комментарии."
"Cross-Promotion","Сотрудничество с другими брендами для совместного продвижения продуктов.","Кросс-промоция с местным кафе, предлагая скидки на кофе при покупке книги."
"Local SEO","Оптимизация для повышения видимости в локальных поисковых запросах.","Создание и оптимизация профиля в Google My Business."
"Community Building","Создание и поддержание сообщества вокруг бренда для повышения лояльности.","Форумы и группы в социальных сетях для обсуждения тем, связанных с продуктом."
"Brand Storytelling","Использование рассказов для создания эмоциональной связи с клиентами.","Рассказ о том, как была основана компания и ее миссия."
"Seasonal Marketing","Адаптация маркетинговых стратегий к сезонным событиям и праздникам.","Запуск акций на дни распродаж и праздников, таких как Черная пятница."
"Data-Driven Marketing","Использование данных и аналитики для принятия маркетинговых решений.","Анализ поведения пользователей на сайте для улучшения пользовательского опыта."
"Customer Journey Mapping","Создание карты пути клиента для понимания его взаимодействия с брендом.","Определение ключевых точек взаимодействия и улучшение их качества."
"Digital PR","Использование онлайн-каналов для улучшения репутации и видимости бренда.","Публикации в онлайн-изданиях и работа с блогерами."
"Podcasting","Создание подкастов для привлечения новой аудитории и повышения осведомленности о бренде.","Подкаст о тенденциях в индустрии, где обсуждаются новости и советы."
"Subscription Models","Введение моделей подписки для постоянного дохода и удержания клиентов.","Подписка на ежемесячные поставки косметических средств."
"Personal Branding","Развитие личного бренда для привлечения внимания к продуктам или услугам.","Создание собственного блога или канала на YouTube для дележа опытом."
"Social Listening","Мониторинг упоминаний бренда в социальных сетях для понимания мнения клиентов.","Использование инструментов для отслеживания отзывов и обсуждений о бренде."
"Behavioral Targeting","Использование данных о поведении пользователей для таргетинга рекламы.","Показ рекламы в зависимости от предыдущих действий пользователя на сайте."
"Content Curation","Сбор и распределение контента от других источников для привлечения аудитории.","Создание еженедельной рассылки с интересными статьями о новостях отрасли."
"Webinars for Lead Generation","Использование вебинаров для генерации лидов и продаж.","Регистрация на вебинар, где участники получают скидки на продукты."
"Customer Feedback Loops","Создание системы обратной связи для улучшения продуктов и услуг.","Опросы клиентов после покупки для сбора мнений и предложений."
"Brand Advocacy","Создание программы для сторонников бренда, которые продвигают его продукты.","Программа лояльности, где клиенты могут рекомендовать друзей и получать бонусы."
"Content Syndication","Распространение контента на сторонних платформах для увеличения охвата.","Публикация статей на Medium или других блогах с ссылкой на основной сайт."
"Micro-Moments","Использование мгновений, когда пользователи ищут информацию в мобильных устройствах.","Оптимизация контента для ответов на быстрые запросы, такие как 'где купить'."
"Data Visualization","Использование визуальных данных для упрощения восприятия информации.","Инфографика о тенденциях в индустрии, размещенная на сайте."
"Referral Programs","Создание программы рекомендаций для привлечения новых клиентов через существующих.","Скидка на следующую покупку за привлечение нового клиента."
"Social Media Contests","Проведение конкурсов в социальных сетях для увеличения вовлеченности.","Конкурс на лучшее фото с продуктом в Instagram с призами."
"Interactive Email Campaigns","Создание интерактивных элементов в email-рассылках для повышения вовлеченности.","Интерактивные опросы или игры в письмах."
"Digital Coupons","Использование цифровых купонов для привлечения клиентов и увеличения продаж.","Скидки на товары, доступные через QR-коды."
"Behavioral Email Targeting","Отправка персонализированных писем на основе поведения пользователя на сайте.","Письма с рекомендациями товаров после просмотра определенных страниц."
"Augmented Reality Ads","Создание рекламных объявлений с использованием дополненной реальности.","Реклама, позволяющая пользователям увидеть, как мебель будет выглядеть в их доме через приложение."
"Content Marketing Funnel","Создание контента для разных этапов воронки продаж.","Статьи для привлечения внимания, кейсы для решения проблем, предложения для закрытия сделок."
"Social Media Stories","Использование формата историй в соцсетях для взаимодействия с аудиторией.","Публикация закулисных моментов и акций в Instagram Stories."
"Influencer Takeovers","Периодическое приглашение влиятельных личностей управлять аккаунтом бренда на день.","Блогер проводит день, делясь своим опытом с продуктом."
"Web Push Notifications","Использование веб-уведомлений для информирования пользователей о новостях и акциях.","Уведомления о новых поступлениях товаров на сайте."
"Smart Bidding","Использование автоматизированных стратегий ставок в PPC-рекламе для оптимизации бюджета.","Автоматизированные ставки Google Ads в зависимости от вероятности конверсии."
"User Onboarding","Создание процесса обучения новых пользователей для улучшения их взаимодействия с продуктом.","Вводные видео и пошаговые инструкции для новых пользователей приложения."
"Event Marketing","Проведение мероприятий для привлечения внимания к бренду и продуктам.","Участие в выставках и конференциях с презентацией продукта."
"Customer Lifetime Value (CLV)","Анализ и оптимизация стратегии для повышения жизненной ценности клиента.","Персонализированные предложения на основе анализа прошлого поведения клиента."
"Seasonal Campaigns","Создание маркетинговых кампаний, приуроченных к сезонам или праздникам.","Запуск летней распродажи с акциями на пляжные товары."
"Cross-Channel Marketing","Согласование маркетинговых усилий на разных каналах для достижения целевой аудитории.","Синхронизация email-рассылок с публикациями в социальных сетях."
"Digital Market Research","Использование онлайн-опросов и аналитики для понимания потребностей аудитории.","Проведение опросов и анализ данных о предпочтениях клиентов."
"Content Personalization","Создание персонализированного контента для различных сегментов аудитории.","Рекомендации продуктов на основе предыдущих покупок пользователя."
"Local Partnerships","Сотрудничество с местными бизнесами для привлечения клиентов.","Партнерство с местными кафе для совместных акций."
"SEO A/B Testing","Проведение A/B тестов для оптимизации SEO-стратегий.","Тестирование различных метатегов и заголовков для повышения кликабельности."
"Customer Service Excellence","Создание высококачественного обслуживания клиентов для повышения лояльности.","Поддержка 24/7 через чат и телефон."
"Mobile-Friendly Design","Оптимизация сайта для мобильных устройств для улучшения пользовательского опыта.","Создание адаптивного дизайна сайта."
"Video Ads","Использование видеорекламы для привлечения внимания к продуктам.","Реклама на YouTube или Facebook с короткими видеороликами о продукте."
"Visual Content","Создание визуального контента для повышения вовлеченности пользователей.","Инфографика и фотографии, привлекающие внимание к постам в соцсетях."
"Brand Partnerships","Создание совместных продуктов или акций с другими брендами.","Кросс-продукты, такие как совместная коллекция одежды."
"Digital Storytelling","Использование цифровых платформ для рассказа истории о бренде.","Создание видеосерий о процессе производства товаров."
"Online Surveys","Использование онлайн-опросов для сбора мнений и предпочтений клиентов.","Опросы о качестве обслуживания после покупки."
"Live Streaming","Использование прямых трансляций для взаимодействия с аудиторией.","Прямые эфиры с вопросами и ответами о продукте."
"Social Media Listening","Мониторинг упоминаний о бренде и анализ мнений клиентов в соцсетях.","Использование инструментов для анализа обсуждений о продукте."
"Long-Form Content","Создание длинных статей для глубокого анализа темы и повышения SEO.","Подробные гайды и исследования на сайте."
"Predictive Analytics","Использование аналитики для предсказания поведения пользователей и трендов.","Прогнозирование потребительских предпочтений на основе исторических данных."
"Community Engagement","Активное взаимодействие с сообществом для создания лояльности к бренду.","Организация мероприятий и поддержка социальных инициатив."
"Content Repurposing","Использование уже созданного контента в новых форматах для увеличения охвата.","Преобразование статей в видео или инфографику."
"Visual Search","Оптимизация изображений для улучшения поиска по картинкам.","Использование технологии распознавания изображений для поиска товаров."
"Online Learning Courses","Создание онлайн-курсов для повышения осведомленности о бренде.","Курсы по использованию продуктов, предлагаемых компанией."
"Social Media Analytics","Использование аналитики для оценки эффективности кампаний в социальных сетях.","Анализ вовлеченности и охвата постов в Instagram и Facebook."
"Collaborative Marketing","Сотрудничество с другими брендами для взаимного продвижения.","Совместная реклама с брендом, который предлагает дополняющие продукты."
"Membership Sites","Создание сайта с платным доступом к эксклюзивному контенту.","Подписка на премиум-контент и эксклюзивные предложения."
"Customer Segmentation","Разделение аудитории на сегменты для более точного таргетинга.","Создание разных рекламных кампаний для молодежи и пожилых людей."
"Interactive Quizzes","Создание викторин, которые вовлекают пользователей и собирают данные о них.","Викторина для определения стиля одежды с рекомендациями продуктов."
"Podcast Sponsorships","Реклама товаров и услуг через спонсорство подкастов.","Спонсирование подкаста, где обсуждаются темы, связанные с продуктом."
"Augmented Reality Experiences","Использование дополненной реальности для создания уникального клиентского опыта.","AR-приложение для виртуального тестирования продуктов."
"Story-Driven Marketing","Создание маркетинговых кампаний на основе захватывающих историй.","Серии рекламных роликов, рассказывающих о клиентах и их опыте."
"Environmental Sustainability Marketing","Продвижение экосознательных практик и продуктов.","Маркетинг с акцентом на то, как продукт помогает окружающей среде."
"Customer Journey Optimization","Оптимизация пути клиента для повышения конверсии.","Анализ точек взаимодействия и улучшение их качества."
"Chat Marketing","Использование мессенджеров для ведения маркетинговых кампаний.","Рассылка акций и новостей через WhatsApp или Facebook Messenger."
"Behavioral Retargeting","Показ рекламы на основе поведения пользователей на других сайтах.","Ремаркетинг для пользователей, которые посетили сайт, но не купили."
"Virtual Events","Организация виртуальных мероприятий для взаимодействия с клиентами.","Виртуальная выставка с продуктами и специалистами."
"Customer Co-Creation","Вовлечение клиентов в процесс создания продукта или услуги.","Проведение конкурсов на лучшие идеи для нового продукта."
"Visual Storytelling","Использование визуальных элементов для рассказа о бренде.","Серии изображений или видео, показывающих процесс создания продукта."
"Mobile App Marketing","Продвижение мобильных приложений через различные каналы.","Рекламные кампании для привлечения пользователей в мобильное приложение."
"Social Media Takeovers","Передача управления аккаунтом бренда влиятельному лицу на определенное время.","Блогер управляет аккаунтом на день, делясь своим опытом с продуктом."
"Gamification of Marketing","Создание игровых элементов в маркетинге для повышения вовлеченности.","Игра, где пользователи могут зарабатывать баллы за взаимодействие с брендом."
"Digital Brand Ambassadors","Создание программы бренд-амбассадоров для продвижения продуктов.","Выбор клиентов, которые будут продвигать продукт в своих социальных сетях."
"Online Community Building","Создание онлайн-сообществ для взаимодействия с клиентами.","Форумы или группы в Facebook для обсуждения продуктов и их использования."
"Interactive Webinars","Проведение вебинаров с интерактивными элементами для вовлечения аудитории.","Вебинары с вопросами и ответами в реальном времени."
"Nostalgia Marketing","Использование ностальгических элементов для привлечения внимания.","Реклама, основанная на воспоминаниях о популярных продуктах из детства."
"Social Media Influencer Campaigns","Запуск кампаний с влиятельными личностями для продвижения бренда.","Сотрудничество с микровлиятельными личностями для более целевой аудитории."
"Data-Driven Decision Making","Применение данных для оптимизации маркетинговых решений.","Использование аналитики для оценки эффективности рекламных кампаний."
"User Experience (UX) Optimization","Оптимизация пользовательского опыта на сайте для повышения конверсии.","Улучшение навигации и дизайна сайта для удобства пользователей."
"Cross-Promotion with Non-Competing Brands","Совместное продвижение с неконкурирующими брендами.","Кросс-промоция с местным спортзалом для акций на товары."
"Online Courses and Webinars","Создание образовательного контента для привлечения аудитории.","Онлайн-курсы по использованию продуктов и услуг компании."
"Customer Loyalty Programs","Разработка программ лояльности для повышения удержания клиентов.","Система баллов за покупки, которые можно обменять на скидки."
"Local SEO Strategies","Оптимизация локальных поисковых запросов для привлечения местных клиентов.","Участие в локальных онлайн-каталогах и картах."
"Micro-Influencer Collaborations","Сотрудничество с микро-влиятельными личностями для более целевого охвата.","Кампания с блогерами, имеющими небольшую, но преданную аудиторию."
"Seasonal Promotions","Создание сезонных акций для привлечения клиентов в определенные периоды.","Специальные предложения на новогодние подарки."
"User-Centric Content Creation","Создание контента, основываясь на потребностях и интересах пользователей.","Публикация статей и видео на основе запросов аудитории."
"Social Media Ads Targeting","Таргетинг рекламы на социальных платформах для повышения эффективности.","Настройка рекламы в Facebook для конкретных демографических групп."
"Community Involvement","Активное участие в жизни сообщества для повышения репутации бренда.","Поддержка местных благотворительных организаций."
"AI-Powered Marketing Tools","Использование искусственного интеллекта для автоматизации маркетинга.","Инструменты для анализа данных и предсказания поведения клиентов."
"Customer Feedback Integration","Интеграция отзывов клиентов в процесс разработки и маркетинга.","Использование обратной связи для улучшения продуктов."
"Interactive Product Demos","Создание интерактивных демонстраций продуктов для повышения вовлеченности.","Онлайн-демонстрации с возможностью задать вопросы."
"Real-Time Marketing","Использование актуальных событий и трендов для создания контента.","Реклама, основанная на популярных событиях или мемах."
"Social Media Monitoring","Отслеживание упоминаний о бренде в социальных сетях для анализа репутации.","Использование инструментов для мониторинга отзывов и комментариев."
"Long-Tail Keyword Targeting","Оптимизация контента под длинные ключевые слова для повышения видимости.","Создание статей, отвечающих на конкретные вопросы пользователей."
"User Experience Testing","Проведение тестирования пользовательского опыта для выявления проблем.","Тестирование сайта с реальными пользователями для улучшения навигации."
"Interactive Product Demos","Создание интерактивных демонстраций продуктов для повышения вовлеченности.","Онлайн-демонстрации с возможностью задать вопросы."
"Real-Time Marketing","Использование актуальных событий и трендов для создания контента.","Реклама, основанная на популярных событиях или мемах."
"Social Media Monitoring","Отслеживание упоминаний о бренде в социальных сетях для анализа репутации.","Использование инструментов для мониторинга отзывов и комментариев."
"Long-Tail Keyword Targeting","Оптимизация контента под длинные ключевые слова для повышения видимости.","Создание статей, отвечающих на конкретные вопросы пользователей."
"User Experience Testing","Проведение тестирования пользовательского опыта для выявления проблем.","Тестирование сайта с реальными пользователями для улучшения навигации."
"Content Marketing Automation","Автоматизация процессов контент-маркетинга для повышения эффективности.","Использование платформ для планирования и публикации контента."
"Social Media Advertising","Запуск рекламных кампаний в социальных сетях для продвижения продуктов.","Реклама на Facebook и Instagram с таргетингом на целевую аудиторию."
"Email List Segmentation","Сегментация списка рассылки для более персонализированного подхода.","Отправка специальных предложений только тем пользователям, которые проявили интерес."
"Video Content Creation","Создание видеоконтента для повышения вовлеченности и информирования.","Обучающие видео о продуктах, размещенные на YouTube."
"Customer Engagement Strategies","Стратегии для активного вовлечения клиентов в процесс взаимодействия с брендом.","Проведение опросов и викторин в социальных сетях."
"Influencer Collaborations","Сотрудничество с влиятельными личностями для расширения охвата.","Партнерство с блогерами для продвижения новых продуктов."
"Mobile Optimization","Оптимизация веб-сайта для мобильных устройств для улучшения пользовательского опыта.","Создание мобильной версии сайта с адаптивным дизайном."
"User Reviews and Testimonials","Сбор и публикация отзывов клиентов для повышения доверия к продуктам.","Публикация положительных отзывов на главной странице сайта."
"Search Engine Marketing (SEM)","Запуск платных рекламных кампаний для повышения видимости в поисковых системах.","Использование Google Ads для продвижения товаров."
"Social Proof Strategies","Использование социальных доказательств для увеличения доверия к бренду.","Публикация результатов исследований и статистики о продукте."
"Content Repurposing","Переработка существующего контента в новые форматы для увеличения охвата.","Создание подкастов на основе статей и блогов."
"Brand Storytelling","Создание бренда через увлекательные истории, которые резонируют с аудиторией.","Рассказы о клиентах и их опыте использования продуктов."
"Gamified Marketing Campaigns","Создание игровых элементов в маркетинговых кампаниях для повышения интереса.","Конкурсы и викторины с призами для участников."
"Customer Journey Mapping","Создание карты пути клиента для улучшения взаимодействия на всех этапах.","Анализ всех точек взаимодействия клиента с брендом."
"Online Advertising Retargeting","Показ рекламы пользователям, которые ранее взаимодействовали с сайтом.","Ремаркетинг для возвращения посетителей, которые не совершили покупку."
"Facebook Live Events","Проведение прямых трансляций на Facebook для взаимодействия с клиентами.","Чат с экспертами и ответы на вопросы в реальном времени."
"Augmented Reality Marketing","Использование технологий дополненной реальности для улучшения клиентского опыта.","AR-приложение для примерки одежды перед покупкой."
"Social Media Engagement","Активное взаимодействие с аудиторией в социальных сетях для повышения лояльности.","Ответы на комментарии и сообщения пользователей."
"Content Distribution Channels","Использование различных каналов для распространения контента.","Публикация статей на Medium, LinkedIn и других платформах."
"Customer Feedback Surveys","Проведение опросов для получения обратной связи от клиентов.","Опросы о качестве обслуживания после покупки."
"Brand Loyalty Programs","Создание программ лояльности для удержания существующих клиентов.","Бонусная система для постоянных покупателей."
"Keyword Research and Analysis","Анализ ключевых слов для оптимизации контента и повышения видимости.","Использование инструментов для поиска популярных запросов."
"Interactive Content Marketing","Создание интерактивного контента для привлечения и удержания клиентов.","Викторины и опросы на сайте."
"Email Marketing Campaigns","Запуск email-кампаний для информирования клиентов о новостях и акциях.","Рассылки с предложениями и новыми продуктами."
"SEO Audit and Optimization","Проведение аудита SEO для выявления и устранения проблем на сайте.","Анализ метатегов, структуры и контента сайта."
"User-Generated Content Campaigns","Создание кампаний, которые побуждают пользователей создавать контент о бренде.","Конкурс на лучшее фото с продуктом в Instagram."
"Local Business Listings","Оптимизация присутствия бизнеса в локальных каталогах и картах.","Создание и оптимизация профиля в Google My Business."
"Digital Content Strategy","Разработка стратегии для создания и распространения цифрового контента.","Планирование публикаций и выбор каналов для распространения."
"Email Automation Tools","Использование инструментов для автоматизации email-рассылок.","Платформы для автоматической отправки писем на основе действий пользователей."
"Customer Retention Strategies","Разработка стратегий для удержания клиентов и повышения лояльности.","Персонализированные предложения для постоянных клиентов."
"Social Media Analytics Tools","Использование аналитических инструментов для оценки эффективности социальных сетей.","Анализ вовлеченности и роста подписчиков."
"Content Creation Workflows","Создание рабочих процессов для эффективного производства контента.","Определение ролей и сроков для команды контент-маркетинга."
"SEO Content Writing","Создание SEO-оптимизированного контента для повышения видимости в поисковых системах.","Написание статей с учетом ключевых слов и метатегов."
"Webinar Marketing","Проведение вебинаров для привлечения аудитории и повышения осведомленности о продукте.","Обучающие сессии по использованию продуктов."
"Brand Positioning","Определение уникального места бренда на рынке для привлечения целевой аудитории.","Анализ конкурентов и определение уникальных торговых предложений."
"Social Media Strategy Development","Разработка стратегии для продвижения бренда в социальных сетях.","Определение целей, целевой аудитории и контента для публикаций."
"Visual Marketing Strategies","Использование визуальных элементов для привлечения внимания к бренду.","Инфографика, изображения и видео в социальных сетях."
"Online Reputation Management","Управление онлайн-репутацией бренда для повышения доверия.","Ответы на отзывы и активное взаимодействие с клиентами."
"Content Marketing Metrics","Определение и отслеживание метрик для оценки эффективности контент-маркетинга.","Анализ посещаемости и вовлеченности контента."
"Cross-Channel Marketing Strategies","Согласование маркетинговых усилий на разных каналах для повышения эффективности.","Синхронизация рекламы в соцсетях и email-рассылок."
"Data Analytics for Marketing","Использование аналитики для оптимизации маркетинговых стратегий и кампаний.","Изучение поведения пользователей для улучшения рекламы."
"Affiliate Marketing Programs","Создание партнерских программ для привлечения новых клиентов через рефералов.","Комиссионные выплаты партнерам за привлечение клиентов."
"Interactive Social Media Posts","Создание интерактивных постов в социальных сетях для повышения вовлеченности.","Опросы и викторины, которые побуждают пользователей к взаимодействию."
"Customer Value Proposition","Определение ценностного предложения для привлечения целевой аудитории.","Четкое формулирование преимуществ продукта для клиентов."
"Social Media Growth Hacking","Использование нестандартных методов для быстрого роста в социальных сетях.","Вирусные акции и кросс-промоции с другими брендами."
"Community Engagement Tactics","Тактики для активного вовлечения сообщества вокруг бренда.","Организация мероприятий и акций для клиентов."
"Mobile App Promotion Strategies","Стратегии для продвижения мобильных приложений и увеличения загрузок.","Реклама в социальных сетях и на сайтах."
"Content Curation for Engagement","Сбор и распространение контента от других авторов для привлечения внимания.","Создание подборок статей и новостей для публикации."
"Online Customer Support","Обеспечение онлайн-поддержки для клиентов через различные каналы.","Чат-боты и живые чаты на сайте для ответов на вопросы."
"Brand Collaboration Campaigns","Сотрудничество с другими брендами для совместного продвижения.","Кросс-промоция с другими компаниями в аналогичной нише."
"Influencer Marketing Analysis","Анализ эффективности кампаний с влиятельными личностями для оптимизации.","Изучение показателей ROI и вовлеченности."
"Content Management Systems","Использование систем управления контентом для упрощения создания и публикации контента.","Платформы для управления блогами и сайтами."
"SEO Content Audit","Проведение аудита контента для выявления и улучшения слабых мест в SEO.","Анализ существующих статей на наличие актуальных ключевых слов."
"Micro-Moments Marketing","Использование краткосрочных моментов, когда пользователи принимают решения.","Реклама, когда пользователи ищут информацию на мобильных устройствах."
"Online Event Promotion","Продвижение онлайн-мероприятий для привлечения аудитории.","Реклама вебинаров и виртуальных конференций через соцсети."
"Voice Search Optimization","Оптимизация контента под голосовые запросы для повышения видимости.","Создание FAQ с вопросами, которые могут быть заданы голосовыми помощниками."
"Customer Satisfaction Tracking","Отслеживание уровня удовлетворенности клиентов через опросы и отзывы.","Регулярные анкеты для оценки качества обслуживания."
"Social Media Content Calendar","Создание контент-календаря для планирования публикаций в социальных сетях.","График постов на месяц с учетом праздников и событий."
"Influencer Affiliate Programs","Создание партнерских программ для влиятельных лиц с целью продвижения товаров.","Выплата комиссий блогерам за каждую продажу, сделанную по их ссылке."
"Video SEO Strategies","Оптимизация видеоконтента для повышения видимости в поисковых системах.","Использование ключевых слов в заголовках и описаниях видео."
"Community-Focused Marketing","Маркетинг, ориентированный на сообщество для повышения лояльности.","Поддержка местных инициатив и проектов."
"Product Launch Campaigns","Создание маркетинговых кампаний для успешного запуска новых продуктов.","Анонсы и тизеры перед запуском нового продукта."
"Social Media Crisis Management","Управление репутацией в социальных сетях в случае кризисной ситуации.","План действий на случай негативных отзывов или инцидентов."
"Customer Persona Development","Создание персоны клиента для более точного таргетинга и разработки контента.","Исследование целевой аудитории и создание профилей клиентов."
"Behavioral Targeting","Таргетинг рекламы на основе поведения пользователей в интернете.","Показ рекламы тем, кто ранее посещал сайт или взаимодействовал с продуктом."
"Content Marketing Workshops","Проведение семинаров и мастер-классов по контент-маркетингу.","Обучение команды эффективным методам создания контента."
"Seasonal Marketing Strategies","Разработка маркетинговых стратегий, ориентированных на сезоны и праздники.","Специальные предложения и акции на День Святого Валентина."
"Personalized Email Marketing","Создание персонализированных email-рассылок на основе интересов клиентов.","Отправка индивидуальных предложений на основе предыдущих покупок."
"User Experience Research","Проведение исследований для понимания поведения пользователей и их потребностей.","Интервью и тестирование с реальными пользователями."
"Local SEO Techniques","Оптимизация сайта для локальных поисковых запросов и повышения видимости в регионе.","Регистрация в локальных каталогах и картах."
"Mobile-Friendly Content","Создание контента, оптимизированного для мобильных устройств.","Использование коротких абзацев и адаптивного дизайна."
"Dynamic Content Marketing","Использование динамического контента, который меняется в зависимости от пользователя.","Персонализированные сообщения на сайте в зависимости от поведения пользователя."
"Customer Journey Optimization Tools","Использование инструментов для анализа и оптимизации пути клиента.","Программное обеспечение для отслеживания взаимодействий пользователей."
"Social Media Content Engagement","Создание контента, который побуждает к взаимодействию и обсуждению.","Посты с вопросами и опросами для вовлечения аудитории."
"Data-Driven Marketing Strategies","Разработка маркетинговых стратегий на основе анализа данных.","Использование аналитики для оптимизации рекламных кампаний."
"Email Retargeting","Отправка email-рассылок пользователям, которые не завершили покупку.","Письма с напоминаниями о брошенных корзинах."
"Interactive Infographics","Создание интерактивных инфографик для привлечения внимания и информирования.","Инфографика, где пользователи могут кликать для получения дополнительной информации."
"Brand Experience Events","Организация мероприятий для создания уникального клиентского опыта.","Выставки и мастер-классы с использованием продуктов бренда."
"User-Centric Design","Создание дизайна, ориентированного на потребности пользователей.","Применение принципов UX/UI для улучшения интерфейса сайта."
"Content Marketing Metrics Tracking","Отслеживание метрик контент-маркетинга для оценки эффективности.","Анализ трафика, вовлеченности и конверсий от контента."
"Social Media Advertising Targeting","Таргетинг рекламы в социальных сетях на основе интересов и поведения пользователей.","Настройка кампании в Instagram для определенной аудитории."
"Content Collaboration","Сотрудничество с другими авторами или брендами для создания контента.","Гостевые посты на блогах других компаний."
"Multichannel Marketing Strategies","Разработка стратегий, которые охватывают несколько каналов для достижения аудитории.","Синхронизация email-рассылок с рекламой в соцсетях."
"Customer Advocacy Programs","Создание программ для поддержки клиентов, которые становятся адвокатами бренда.","Программы лояльности, где клиенты могут рекомендовать товар друзьям."
"Social Media Engagement Campaigns","Запуск кампаний, направленных на повышение вовлеченности в социальных сетях.","Конкурсы и розыгрыши для подписчиков."
"Video Marketing Strategies","Разработка стратегий для использования видеоконтента в маркетинге.","Создание видеороликов о продуктах и их преимуществах."
"Brand Differentiation Strategies","Определение уникальности бренда на рынке для привлечения клиентов.","Анализ конкурентов и выявление уникальных торговых предложений."
"User-Generated Content Strategies","Создание стратегий для поощрения пользователей к созданию контента о бренде.","Конкурсы, где пользователи публикуют свои фотографии с продуктами."
"Social Listening Tools","Использование инструментов для мониторинга упоминаний о бренде в социальных сетях.","Анализ комментариев и отзывов о продукте."
"Content Scheduling Tools","Использование платформ для планирования публикации контента.","Планировщики контента для автоматизации публикаций в соцсетях."
"Referral Marketing Programs","Создание программ поощрения для клиентов, которые рекомендуют продукты друзьям.","Скидки и бонусы за рекомендации."
"Interactive Social Media Stories","Создание интерактивных историй в социальных сетях для привлечения внимания.","Опросы и викторины в Instagram Stories."
"Data Visualization in Marketing","Использование визуализации данных для упрощения восприятия информации.","Инфографика, показывающая результаты исследований."
"Customer Feedback Implementation","Внедрение обратной связи от клиентов в процесс улучшения продуктов.","Использование отзывов для внесения изменений в продукт."
"Online Course Creation","Создание онлайн-курсов для повышения осведомленности о продуктах и услугах.","Курсы по использованию товаров, предлагаемых компанией."
"Brand Ambassadorship Programs","Создание программ для привлечения амбассадоров, представляющих бренд.","Отбор клиентов, которые активно продвигают продукт."
"User-Generated Review Campaigns","Запуск кампаний для сбора отзывов от пользователей о продуктах.","Конкурсы на лучшие отзывы с призами."
"Gamified Loyalty Programs","Создание программ лояльности с элементами игры для повышения вовлеченности клиентов.","Награды за участие в акциях и покупках."
"Social Media Storytelling","Использование формата историй для рассказа о бренде и его ценностях.","Серии постов, рассказывающих о компании и ее миссии."
"Mobile Marketing Automation","Автоматизация мобильного маркетинга для повышения эффективности кампаний.","Инструменты для автоматической отправки SMS и push-уведомлений."
"Customer Experience Mapping","Создание картирования клиентского опыта для улучшения взаимодействия.","Анализ всех точек соприкосновения клиента с брендом."
"Augmented Reality Product Displays","Использование дополненной реальности для демонстрации продуктов.","AR-приложения, позволяющие увидеть, как продукт будет выглядеть в реальной жизни."
"Interactive Web Experiences","Создание интерактивных веб-сайтов для улучшения пользовательского опыта.","Веб-сайты с элементами геймификации и пользовательскими опросами."
"Cross-Functional Marketing Teams","Создание межфункциональных команд для улучшения взаимодействия в маркетинге.","Команды, включающие специалистов из разных областей."
"Customer-Centric Innovation","Инновации, ориентированные на потребности и предпочтения клиентов.","Разработка новых продуктов на основе отзывов пользователей."
"Social Media Trend Analysis","Анализ трендов в социальных сетях для адаптации маркетинговых стратегий.","Мониторинг популярных хэштегов и тем."
"Content Quality Assurance","Обеспечение качества контента перед публикацией.","Проверка на ошибки и соответствие стандартам компании."
"Brand Consistency Strategies","Поддержание согласованности бренда во всех каналах коммуникации.","Установление правил для использования логотипа и цвета."
"User Engagement Metrics Tracking","Отслеживание метрик вовлеченности пользователей для оценки эффективности контента.","Анализ лайков, комментариев и репостов в социальных сетях."
"Cross-Promotion Strategies","Совместное продвижение с другими брендами для увеличения охвата.","Общие акции с другими компаниями, не являющимися конкурентами."
"Content Personalization Strategies","Персонализация контента в зависимости от интересов и поведения пользователей.","Рекомендации товаров на основе предыдущих покупок."
"Online Customer Communities","Создание онлайн-сообществ для обсуждения и взаимодействия с брендом.","Форумы и группы в социальных сетях, посвященные продуктам."
"Customer Lifetime Value Analysis","Анализ стоимости клиента на протяжении всего времени его взаимодействия с брендом.","Определение возможности увеличить прибыль с каждого клиента."
"Event Marketing Strategies","Разработка стратегий для продвижения мероприятий и повышения их посещаемости.","Реклама мероприятий через email и социальные сети."
"Social Media Content Optimization","Оптимизация контента для социальных сетей для повышения видимости и вовлеченности.","Использование правильных форматов и хэштегов."
"Voice Search Marketing","Создание контента, оптимизированного для голосового поиска.","Использование разговорного языка и вопросов в контенте."
"Interactive Email Campaigns","Создание интерактивных email-рассылок для повышения вовлеченности.","Включение опросов и викторин в письма."
"User Experience Improvement","Постоянное улучшение пользовательского опыта на сайте или в приложении.","Тестирование и внедрение изменений на основе отзывов пользователей."
"Brand Voice Development","Определение уникального голоса бренда для всех коммуникаций.","Создание руководства по стилю для контента."
"Social Media Algorithm Understanding","Понимание алгоритмов социальных сетей для повышения эффективности публикаций.","Анализ изменений в алгоритмах Facebook и Instagram."
"Digital Marketing Workshops","Проведение семинаров по цифровому маркетингу для обучения сотрудников и клиентов.","Обучающие сессии по SEO и контент-маркетингу."
"User Journey Analysis","Анализ пути пользователя для выявления узких мест и улучшения конверсии.","Отслеживание действий пользователей на сайте."
"Brand Loyalty Research","Исследование уровня лояльности клиентов к бренду и его влияния на продажи.","Опросы и анализ поведения клиентов."
"Interactive Product Configuration","Создание интерактивных инструментов для настройки продуктов пользователями.","Онлайн-конфигураторы для выбора характеристик товаров."
"Social Media A/B Testing","Тестирование различных форматов контента в социальных сетях для определения наиболее эффективного.","Сравнение двух вариантов постов для анализа вовлеченности."
"Customer Segmentation Analysis","Анализ сегментов клиентов для более эффективного таргетинга.","Использование демографических и поведенческих данных."
"Content Marketing Strategy Development","Разработка стратегии контент-маркетинга для достижения бизнес-целей.","Планирование типов контента и каналов распространения."
"Influencer Relationship Management","Управление отношениями с влиятельными личностями для повышения эффективного сотрудничества.","Регулярные встречи и обсуждения новых идей."
"Social Media Policy Creation","Создание политики использования социальных сетей для сотрудников компании.","Правила по публикации контента от имени компании."
"Customer Feedback Loop","Создание обратной связи от клиентов для постоянного улучшения продукта.","Регулярные опросы и сбор отзывов после покупок."
"Email List Growth Strategies","Стратегии для увеличения базы подписчиков на email-рассылки.","Предложение бесплатных материалов в обмен на подписку."
"Multichannel Customer Support","Обеспечение поддержки клиентов через несколько каналов.","Чат, телефон, email и социальные сети для решения вопросов."
"Content Distribution Partnerships","Создание партнерств для распространения контента через разные каналы.","Совместные публикации с другими СМИ и блогами."
"AI-Powered Content Creation","Использование искусственного интеллекта для создания контента.","Генерация статей и постов с помощью AI-инструментов."
"Customer Behavior Analysis","Анализ поведения клиентов для оптимизации маркетинговых усилий.","Использование аналитики для понимания покупательских привычек."
"Social Media Engagement Tactics","Тактики для повышения вовлеченности аудитории в социальных сетях.","Создание контента, который побуждает к комментариям и обсуждениям."
"Online Reputation Monitoring","Мониторинг репутации бренда в интернете для своевременного реагирования.","Использование инструментов для отслеживания упоминаний о бренде."
"Customer Experience Metrics","Отслеживание метрик клиентского опыта для улучшения сервиса.","Анализ NPS (Net Promoter Score) и других показателей."
"Interactive Quiz Marketing","Создание викторин для вовлечения аудитории и сбора данных.","Викторины, которые помогают клиентам выбрать подходящий продукт."
"Seasonal Campaign Planning","Планирование маркетинговых кампаний с учетом сезонных праздников и событий.","Создание акций на Черную пятницу или Рождество."
"Digital Brand Storytelling","Использование цифровых платформ для рассказа истории бренда.","Видеоролики и блоги, показывающие путь компании."
"User Engagement Strategies","Стратегии для активного вовлечения пользователей в процесс взаимодействия с брендом.","Проведение конкурсов и акций для клиентов."
"Social Media Image Optimization","Оптимизация изображений для социальных сетей для повышения видимости.","Использование правильных размеров и форматов для изображений."
"Content Marketing ROI Measurement","Измерение рентабельности инвестиций в контент-маркетинг.","Анализ трафика и конверсий от контента."
"Customer Pain Points Identification","Выявление болевых точек клиентов для улучшения сервиса и продуктов.","Опросы для понимания проблем, с которыми сталкиваются пользователи."
"Brand Awareness Campaigns","Запуск кампаний для повышения узнаваемости бренда среди целевой аудитории.","Реклама на радио и телевидении для охвата широкой аудитории."
"Email Marketing Segmentation","Сегментация списка email-рассылок для повышения релевантности контента.","Разделение подписчиков на группы по интересам."
"Social Media Crisis Management Plan","Создание плана действий на случай кризисной ситуации в социальных сетях.","Определение шагов по реагированию на негативные отзывы."
"Customer Advocacy Programs","Создание программ для поддержки клиентов, которые становятся адвокатами бренда.","Награды для клиентов, активно рекомендующих продукты."
"Interactive Content Marketing Strategies","Создание интерактивного контента для повышения вовлеченности пользователей.","Инфографики с возможностью взаимодействия и опросы."
"Customer Retention Programs","Разработка программ для удержания клиентов и снижения оттока.","Скидки для постоянных клиентов и программы лояльности."
"Social Media Influence Measurement","Измерение влияния социальных медиа на поведение клиентов.","Анализ показателей вовлеченности и охвата."
"Content Marketing Best Practices","Лучшие практики контент-маркетинга для достижения бизнес-целей.","Регулярное обновление контента и использование SEO."
"Brand Equity Measurement","Измерение стоимости бренда на рынке.","Анализ осведомленности и лояльности клиентов."
"User Experience Testing Tools","Использование инструментов для тестирования UX и выявления проблем.","Платформы для A/B тестирования и анализа пользовательского поведения."
"Online Marketing Trends Analysis","Анализ текущих трендов в онлайн-маркетинге для адаптации стратегий.","Мониторинг новинок и изменений в цифровом пространстве."
"Customer Journey Optimization Techniques","Техники для оптимизации пути клиента и повышения конверсии.","Использование аналитики для выявления узких мест."
"Digital Advertising Strategies","Разработка стратегий для эффективной онлайн-рекламы.","Планирование PPC-кампаний и использования ремаркетинга."
"Brand Community Building","Создание сообщества вокруг бренда для повышения лояльности.","Форумы и группы для обсуждения продуктов и идей."
"Interactive Email Newsletters","Создание интерактивных новостных рассылок для повышения вовлеченности.","Использование кнопок для опросов и акций в email."
"Personalized Customer Experiences","Создание персонализированного опыта для пользователей на сайте.","Рекомендации продуктов на основе поведения клиента."
"Content Syndication","Распространение контента через сторонние платформы для увеличения охвата.","Публикация статей на других блогах и ресурсах."
"Social Media Engagement Analysis","Анализ вовлеченности в социальных сетях для оптимизации контента.","Использование метрик для оценки эффективности публикаций."
"Customer Feedback Integration Strategies","Стратегии интеграции отзывов клиентов в процесс разработки продуктов.","Использование обратной связи для улучшения предложения."
"Brand Collaboration Initiatives","Инициативы по сотрудничеству с другими брендами для увеличения охвата.","Совместные акции с другими компаниями в одной нише."
